-- MySQL dump 10.13  Distrib 5.7.24, for Linux (x86_64)
--
-- Host: 127.0.0.1    Database: vakaxaId
-- ------------------------------------------------------
-- Server version	5.7.24-0ubuntu0.18.04.1

/*!40101 SET @OLD_CHARACTER_SET_CLIENT=@@CHARACTER_SET_CLIENT */;
/*!40101 SET @OLD_CHARACTER_SET_RESULTS=@@CHARACTER_SET_RESULTS */;
/*!40101 SET @OLD_COLLATION_CONNECTION=@@COLLATION_CONNECTION */;
/*!40101 SET NAMES utf8 */;
/*!40103 SET @OLD_TIME_ZONE=@@TIME_ZONE */;
/*!40103 SET TIME_ZONE='+00:00' */;
/*!40014 SET @OLD_UNIQUE_CHECKS=@@UNIQUE_CHECKS, UNIQUE_CHECKS=0 */;
/*!40014 SET @OLD_FOREIGN_KEY_CHECKS=@@FOREIGN_KEY_CHECKS, FOREIGN_KEY_CHECKS=0 */;
/*!40101 SET @OLD_SQL_MODE=@@SQL_MODE, SQL_MODE='NO_AUTO_VALUE_ON_ZERO' */;
/*!40111 SET @OLD_SQL_NOTES=@@SQL_NOTES, SQL_NOTES=0 */;

--
-- Table structure for table `AspNetRoleClaims`
--

DROP TABLE IF EXISTS `AspNetRoleClaims`;
/*!40101 SET @saved_cs_client     = @@character_set_client */;
/*!40101 SET character_set_client = utf8 */;
CREATE TABLE `AspNetRoleClaims` (
  `Id` int(11) NOT NULL AUTO_INCREMENT,
  `RoleId` varchar(255) COLLATE utf8_unicode_ci NOT NULL,
  `ClaimType` longtext COLLATE utf8_unicode_ci,
  `ClaimValue` longtext COLLATE utf8_unicode_ci,
  PRIMARY KEY (`Id`),
  KEY `IX_AspNetRoleClaims_RoleId` (`RoleId`),
  CONSTRAINT `FK_AspNetRoleClaims_AspNetRoles_RoleId` FOREIGN KEY (`RoleId`) REFERENCES `AspNetRoles` (`Id`) ON DELETE CASCADE
) ENGINE=InnoDB DEFAULT CHARSET=utf8 COLLATE=utf8_unicode_ci;
/*!40101 SET character_set_client = @saved_cs_client */;

--
-- Dumping data for table `AspNetRoleClaims`
--

LOCK TABLES `AspNetRoleClaims` WRITE;
/*!40000 ALTER TABLE `AspNetRoleClaims` DISABLE KEYS */;
/*!40000 ALTER TABLE `AspNetRoleClaims` ENABLE KEYS */;
UNLOCK TABLES;

--
-- Table structure for table `AspNetRoles`
--

DROP TABLE IF EXISTS `AspNetRoles`;
/*!40101 SET @saved_cs_client     = @@character_set_client */;
/*!40101 SET character_set_client = utf8 */;
CREATE TABLE `AspNetRoles` (
  `Id` varchar(255) COLLATE utf8_unicode_ci NOT NULL,
  `Name` varchar(256) COLLATE utf8_unicode_ci DEFAULT NULL,
  `NormalizedName` varchar(256) COLLATE utf8_unicode_ci DEFAULT NULL,
  `ConcurrencyStamp` longtext COLLATE utf8_unicode_ci,
  PRIMARY KEY (`Id`),
  UNIQUE KEY `RoleNameIndex` (`NormalizedName`)
) ENGINE=InnoDB DEFAULT CHARSET=utf8 COLLATE=utf8_unicode_ci;
/*!40101 SET character_set_client = @saved_cs_client */;

--
-- Dumping data for table `AspNetRoles`
--

LOCK TABLES `AspNetRoles` WRITE;
/*!40000 ALTER TABLE `AspNetRoles` DISABLE KEYS */;
/*!40000 ALTER TABLE `AspNetRoles` ENABLE KEYS */;
UNLOCK TABLES;

--
-- Table structure for table `AspNetUserClaims`
--

DROP TABLE IF EXISTS `AspNetUserClaims`;
/*!40101 SET @saved_cs_client     = @@character_set_client */;
/*!40101 SET character_set_client = utf8 */;
CREATE TABLE `AspNetUserClaims` (
  `Id` int(11) NOT NULL AUTO_INCREMENT,
  `UserId` varchar(255) COLLATE utf8_unicode_ci NOT NULL,
  `ClaimType` longtext COLLATE utf8_unicode_ci,
  `ClaimValue` longtext COLLATE utf8_unicode_ci,
  PRIMARY KEY (`Id`),
  KEY `IX_AspNetUserClaims_UserId` (`UserId`),
  CONSTRAINT `FK_AspNetUserClaims_AspNetUsers_UserId` FOREIGN KEY (`UserId`) REFERENCES `AspNetUsers` (`Id`) ON DELETE CASCADE
) ENGINE=InnoDB DEFAULT CHARSET=utf8 COLLATE=utf8_unicode_ci;
/*!40101 SET character_set_client = @saved_cs_client */;

--
-- Dumping data for table `AspNetUserClaims`
--

LOCK TABLES `AspNetUserClaims` WRITE;
/*!40000 ALTER TABLE `AspNetUserClaims` DISABLE KEYS */;
/*!40000 ALTER TABLE `AspNetUserClaims` ENABLE KEYS */;
UNLOCK TABLES;

--
-- Table structure for table `AspNetUserLogins`
--

DROP TABLE IF EXISTS `AspNetUserLogins`;
/*!40101 SET @saved_cs_client     = @@character_set_client */;
/*!40101 SET character_set_client = utf8 */;
CREATE TABLE `AspNetUserLogins` (
  `LoginProvider` varchar(255) COLLATE utf8_unicode_ci NOT NULL,
  `ProviderKey` varchar(255) COLLATE utf8_unicode_ci NOT NULL,
  `ProviderDisplayName` longtext COLLATE utf8_unicode_ci,
  `UserId` varchar(255) COLLATE utf8_unicode_ci NOT NULL,
  PRIMARY KEY (`LoginProvider`,`ProviderKey`),
  KEY `IX_AspNetUserLogins_UserId` (`UserId`),
  CONSTRAINT `FK_AspNetUserLogins_AspNetUsers_UserId` FOREIGN KEY (`UserId`) REFERENCES `AspNetUsers` (`Id`) ON DELETE CASCADE
) ENGINE=InnoDB DEFAULT CHARSET=utf8 COLLATE=utf8_unicode_ci;
/*!40101 SET character_set_client = @saved_cs_client */;

--
-- Dumping data for table `AspNetUserLogins`
--

LOCK TABLES `AspNetUserLogins` WRITE;
/*!40000 ALTER TABLE `AspNetUserLogins` DISABLE KEYS */;
/*!40000 ALTER TABLE `AspNetUserLogins` ENABLE KEYS */;
UNLOCK TABLES;

--
-- Table structure for table `AspNetUserRoles`
--

DROP TABLE IF EXISTS `AspNetUserRoles`;
/*!40101 SET @saved_cs_client     = @@character_set_client */;
/*!40101 SET character_set_client = utf8 */;
CREATE TABLE `AspNetUserRoles` (
  `UserId` varchar(255) COLLATE utf8_unicode_ci NOT NULL,
  `RoleId` varchar(255) COLLATE utf8_unicode_ci NOT NULL,
  PRIMARY KEY (`UserId`,`RoleId`),
  KEY `IX_AspNetUserRoles_RoleId` (`RoleId`),
  CONSTRAINT `FK_AspNetUserRoles_AspNetRoles_RoleId` FOREIGN KEY (`RoleId`) REFERENCES `AspNetRoles` (`Id`) ON DELETE CASCADE,
  CONSTRAINT `FK_AspNetUserRoles_AspNetUsers_UserId` FOREIGN KEY (`UserId`) REFERENCES `AspNetUsers` (`Id`) ON DELETE CASCADE
) ENGINE=InnoDB DEFAULT CHARSET=utf8 COLLATE=utf8_unicode_ci;
/*!40101 SET character_set_client = @saved_cs_client */;

--
-- Dumping data for table `AspNetUserRoles`
--

LOCK TABLES `AspNetUserRoles` WRITE;
/*!40000 ALTER TABLE `AspNetUserRoles` DISABLE KEYS */;
/*!40000 ALTER TABLE `AspNetUserRoles` ENABLE KEYS */;
UNLOCK TABLES;

--
-- Table structure for table `AspNetUserTokens`
--

DROP TABLE IF EXISTS `AspNetUserTokens`;
/*!40101 SET @saved_cs_client     = @@character_set_client */;
/*!40101 SET character_set_client = utf8 */;
CREATE TABLE `AspNetUserTokens` (
  `UserId` varchar(255) COLLATE utf8_unicode_ci NOT NULL,
  `LoginProvider` varchar(255) COLLATE utf8_unicode_ci NOT NULL,
  `Name` varchar(255) COLLATE utf8_unicode_ci NOT NULL,
  `Value` longtext COLLATE utf8_unicode_ci,
  PRIMARY KEY (`UserId`,`LoginProvider`,`Name`),
  CONSTRAINT `FK_AspNetUserTokens_AspNetUsers_UserId` FOREIGN KEY (`UserId`) REFERENCES `AspNetUsers` (`Id`) ON DELETE CASCADE
) ENGINE=InnoDB DEFAULT CHARSET=utf8 COLLATE=utf8_unicode_ci;
/*!40101 SET character_set_client = @saved_cs_client */;

--
-- Dumping data for table `AspNetUserTokens`
--

LOCK TABLES `AspNetUserTokens` WRITE;
/*!40000 ALTER TABLE `AspNetUserTokens` DISABLE KEYS */;
INSERT INTO `AspNetUserTokens` VALUES ('0f986d91-e98c-4e1a-a33f-b389f0108dcd','[AspNetUserStore]','AuthenticatorKey','WNGGJO273KOG4PQNDNX7SPZISNZJDIOK'),('274cbc29-ef86-484d-aa8d-d048da16f4b2','[AspNetUserStore]','AuthenticatorKey','YKBR632ASH3DE5DA6UYX26QQAUPWR4CI'),('31ddbbaf-db53-4536-87e1-5dcbda4ba0f6','[AspNetUserStore]','AuthenticatorKey','MVLMEYP4UCHB4SF3ONXY6D5DHHS4XLDU'),('4e7a0812-b013-4d37-b023-89e9ff6215be','[AspNetUserStore]','AuthenticatorKey','XJBLVFF3W2HS5ZKZQRHUYMPGTI5D3YGI'),('a7a9ca88-d59b-4be2-a18d-45731d3ef809','[AspNetUserStore]','AuthenticatorKey','VNI6B6WICWZQJTB4VHCUFALTI7MKKU3O'),('acd1e1e7-e2e2-4853-8dfd-c0f07c2426e2','[AspNetUserStore]','AuthenticatorKey','FGKVSEOGTHNUJC4UAWAE5VYC3MMJWEZP'),('af794ace-df1e-44e2-a670-591ec998bb0b','[AspNetUserStore]','AuthenticatorKey','HN233BZNT2MRXBETU3J36QSLONQ6E6JF'),('c8e7709e-166b-492a-9244-f253dc4dbfad','[AspNetUserStore]','AuthenticatorKey','SW3TA4TGM2YHI7RL6DEQQUOTYWDVHPKB'),('da96ff38-1f7e-4175-989e-01462999c09d','[AspNetUserStore]','AuthenticatorKey','M2NR5QQBRROS33OKX4F63ORX6ZFVEIJN'),('e9b095a3-de83-4161-8f72-0fffb414b03e','[AspNetUserStore]','AuthenticatorKey','3ZYOPUHITVU67G7PGOJE6LVSSFXIJX7P');
/*!40000 ALTER TABLE `AspNetUserTokens` ENABLE KEYS */;
UNLOCK TABLES;

--
-- Table structure for table `AspNetUsers`
--

DROP TABLE IF EXISTS `AspNetUsers`;
/*!40101 SET @saved_cs_client     = @@character_set_client */;
/*!40101 SET character_set_client = utf8 */;
CREATE TABLE `AspNetUsers` (
  `Id` varchar(255) COLLATE utf8_unicode_ci NOT NULL,
  `UserName` varchar(256) COLLATE utf8_unicode_ci DEFAULT NULL,
  `NormalizedUserName` varchar(256) COLLATE utf8_unicode_ci DEFAULT NULL,
  `Email` varchar(256) COLLATE utf8_unicode_ci DEFAULT NULL,
  `NormalizedEmail` varchar(256) COLLATE utf8_unicode_ci DEFAULT NULL,
  `EmailConfirmed` bit(1) NOT NULL,
  `PasswordHash` longtext COLLATE utf8_unicode_ci,
  `SecurityStamp` longtext COLLATE utf8_unicode_ci,
  `ConcurrencyStamp` longtext COLLATE utf8_unicode_ci,
  `PhoneNumber` longtext COLLATE utf8_unicode_ci,
  `PhoneNumberConfirmed` bit(1) NOT NULL,
  `TwoFactorEnabled` bit(1) NOT NULL,
  `LockoutEnd` datetime(6) DEFAULT NULL,
  `LockoutEnabled` bit(1) NOT NULL,
  `AccessFailedCount` int(11) NOT NULL,
  `LastName` longtext COLLATE utf8_unicode_ci,
  `FirstName` longtext COLLATE utf8_unicode_ci,
  `FullName` longtext COLLATE utf8_unicode_ci,
  `CountryCode` longtext COLLATE utf8_unicode_ci,
  `PhoneNational` longtext COLLATE utf8_unicode_ci,
  `Avatar` longtext COLLATE utf8_unicode_ci,
  `Country` longtext COLLATE utf8_unicode_ci,
  `StreetAddress` longtext COLLATE utf8_unicode_ci,
  `PostalCode` longtext COLLATE utf8_unicode_ci,
  `Birthday` date DEFAULT NULL,
  `Occupation` varchar(255) COLLATE utf8_unicode_ci DEFAULT '',
  `About` text COLLATE utf8_unicode_ci,
  `SocialNetwork` text COLLATE utf8_unicode_ci,
  `IsGoogleAuthenticator` bit(1) DEFAULT NULL,
  `ShareKeySecret` varchar(255) COLLATE utf8_unicode_ci DEFAULT NULL,
  `ListSecretKeySms` longtext COLLATE utf8_unicode_ci,
  `Gender` varchar(4) COLLATE utf8_unicode_ci DEFAULT NULL,
  PRIMARY KEY (`Id`),
  UNIQUE KEY `UserNameIndex` (`NormalizedUserName`),
  KEY `EmailIndex` (`NormalizedEmail`)
) ENGINE=InnoDB DEFAULT CHARSET=utf8 COLLATE=utf8_unicode_ci COMMENT='utf8_unicode_ci';
/*!40101 SET character_set_client = @saved_cs_client */;

--
-- Dumping data for table `AspNetUsers`
--

LOCK TABLES `AspNetUsers` WRITE;
/*!40000 ALTER TABLE `AspNetUsers` DISABLE KEYS */;
INSERT INTO `AspNetUsers` VALUES ('0f986d91-e98c-4e1a-a33f-b389f0108dcd','tienchelsea92@gmail.com','TIENCHELSEA92@GMAIL.COM','tienchelsea92@gmail.com','TIENCHELSEA92@GMAIL.COM',_binary '','AQAAAAEAACcQAAAAEMqQ3/2/q6VhAIYsGdl5ZuX4z6vYaLnGUtGYZoyuCR66/rxRt+QapySi99faRK7R0g==','BBYNKR2LPTIKONVT3MWEQYQ42FPNY7BW','f5315b74-2dd8-4751-843b-53248f1bea00','+84987336214',_binary '',_binary '',NULL,_binary '\0',0,'Trong Tien','Phan','Phan Trong Tien','+84','987336214',NULL,'Viet Nam',NULL,NULL,'1970-01-01',NULL,NULL,'{\"Website\":\"dafafa\",\"Facebook\":null,\"Twitter\":null,\"Google\":null,\"Linkedin\":null}',_binary '\0',NULL,'{\"ChangePassword\":null,\"ChangePhoneOldPhone\":null,\"ChangePhoneNewPhone\":null,\"ChangeTwoFactor\":null,\"LockAccount\":null,\"UnlockAccount\":null,\"AddPhoneNumber\":null,\"AddLockScreen\":null,\"Login\":\"B2OSOJVXPSDPXAGK\"}',NULL),('13677bee-5a2e-4710-b201-b1c378a2ca0f','bongbongmuahe4195+4@gmail.com','BONGBONGMUAHE4195+4@GMAIL.COM','bongbongmuahe4195+4@gmail.com','BONGBONGMUAHE4195+4@GMAIL.COM',_binary '\0','AQAAAAEAACcQAAAAEMvlspqs94AFdi+bz98xrQ2q977ooV8BbxeX0PXFpQISKZb6QcZa4M8AzAhTWP+F9A==','XYYPW446HWVATK5AAQS3IMFOHPO45WTD','985ae7c5-e41b-4078-88d3-003f1d7a1031',NULL,_binary '\0',_binary '\0',NULL,_binary '\0',0,'1','test ','test  1',NULL,NULL,NULL,NULL,NULL,NULL,'1900-01-01',NULL,NULL,NULL,_binary '\0',NULL,NULL,NULL),('1f6aba8e-82bf-452a-a5f8-1ee40741365a','lle122053+1@gmail.com','LLE122053+1@GMAIL.COM','lle122053+1@gmail.com','LLE122053+1@GMAIL.COM',_binary '','AQAAAAEAACcQAAAAEBdSA417oUq81HIHsmBZ9GxTTX8KJOSZ8lat6IRd0RTZbnbcmfwoYYsAJksbmHRXow==','DT4QUN6JQRYSDFLQWENCAWGUETCAXNP7','8bd1a192-81f9-4213-bd12-c4260e8dd48e','+841642539524',_binary '',_binary '',NULL,_binary '\0',0,'Thảo','Thảo','Thảo Thảo','+84','1642539524',NULL,'Vietnam',NULL,NULL,'2018-10-24',NULL,NULL,NULL,_binary '\0',NULL,NULL,NULL),('1fffc0f3-b42a-4fa3-847b-2b2b0a95cd30','nguyenthao.mm1995@gmail.com','NGUYENTHAO.MM1995@GMAIL.COM','nguyenthao.mm1995@gmail.com','NGUYENTHAO.MM1995@GMAIL.COM',_binary '\0','AQAAAAEAACcQAAAAEEaz70Pi8Q9V6nSEpqNCXJnH5lizhYJ7A/MKzy/u1pgvBx9YfY7/UhvPxHhFOaPL5g==','WFBEMKVVXGOFJTSAQ2S2NAA4GKE5AJI5','d3c8530b-4976-4f78-91e9-efdc6aa6bc82',NULL,_binary '\0',_binary '\0',NULL,_binary '\0',0,'test','test ','test  test',NULL,NULL,NULL,NULL,NULL,NULL,'1900-01-01',NULL,NULL,NULL,_binary '\0',NULL,NULL,NULL),('212abca6-dd47-4a99-82e0-2a75f390419a','ngochuan2212+1@gmail.com','NGOCHUAN2212+1@GMAIL.COM','ngochuan2212+1@gmail.com','NGOCHUAN2212+1@GMAIL.COM',_binary '','AQAAAAEAACcQAAAAEG5hR5yAAI0OusGVvS++oCwIU0PrgZglFBYhm30QbiWq10GvemkkXsPUvg4BLmh9kQ==','QECIDGIQQOSADNFQQMJZ3RIYNYLDZYYR','fb54cf62-7f9a-47fb-8355-facb70a0b3d3','+84988478266',_binary '',_binary '',NULL,_binary '\0',0,'Huấn','Ngô','Ngô Huấn','+84','988478266',NULL,'Vietnam',NULL,NULL,'2018-10-24',NULL,NULL,NULL,_binary '\0',NULL,NULL,NULL),('274cbc29-ef86-484d-aa8d-d048da16f4b2','bongbongmuahe4195+6@gmail.com','BONGBONGMUAHE4195+6@GMAIL.COM','bongbongmuahe4195+6@gmail.com','BONGBONGMUAHE4195+6@GMAIL.COM',_binary '','AQAAAAEAACcQAAAAEM93SdqU915brGTJdpRN8FPntiXAbFx95cBWKZ39GrMxuxvWIG35kdhy2/aVoh1jGA==','XH3IE6E4NCG4MFNDAYJGZECQTKXFJNLV','187ae68c-ba79-4bc3-a2fb-ea02238b144d','+840342539524',_binary '',_binary '\0',NULL,_binary '\0',0,'1','test ','test  1','+84','0342539524',NULL,'Viet Nam','Ha Noi- Viet Nam',NULL,'1915-03-31','Welcome to Vakaid!','Hello!','{\"Website\":\"https://vakaxa.com\",\"Facebook\":\"https://www.facebook.com/ngoc.nghech.9822924\",\"Twitter\":\"https://www.facebook.com/ngoc.nghech.9822924\",\"Telegram\":\"https://www.facebook.com/ngoc.nghech.9822924\",\"Skype\":\"https://www.facebook.com/ngoc.nghech.9822924\",\"LinkedIn\":\"https://www.facebook.com/ngoc.nghech.9822924\"}',_binary '\0',NULL,'{\"ChangePassword\":null,\"ChangePhoneOldPhone\":null,\"ChangePhoneNewPhone\":null,\"ChangeTwoFactor\":null,\"LockAccount\":null,\"UnlockAccount\":null,\"AddPhoneNumber\":\"US2MP24DQ2IUW2CW\",\"AddLockScreen\":null,\"Login\":null}','2'),('31ddbbaf-db53-4536-87e1-5dcbda4ba0f6','nuocuongdongchai1988@gmail.com','NUOCUONGDONGCHAI1988@GMAIL.COM','nuocuongdongchai1988@gmail.com','NUOCUONGDONGCHAI1988@GMAIL.COM',_binary '','AQAAAAEAACcQAAAAENUOqMDhAbaNzVXcTD1UKGqHmYaQsx8x6j2qcZoyMwMFu4P2FAPdyW3YYVD29xJ84g==','WCQL6ZLA7KT7A76BAJYLQ3SVFHAYQE7D','ebf65bcf-b39d-4bcd-9355-f975f56559a3','+84973760659',_binary '',_binary '',NULL,_binary '\0',0,'la ai','Toi','Toi la ai','+84','973760659',NULL,'Viet Nam',NULL,NULL,'2018-10-24','',NULL,NULL,_binary '\0',NULL,'{\"ChangePassword\":null,\"ChangePhoneOldPhone\":null,\"ChangePhoneNewPhone\":null,\"ChangeTwoFactor\":null,\"LockAccount\":null,\"UnlockAccount\":null,\"AddPhoneNumber\":\"2LIBXEZA4VHOXAGN\",\"AddLockScreen\":null,\"Login\":\"MJIN7LXIUTNKDRRZ\"}',NULL),('3bbb7656-6e27-454d-b205-3dd9b6515ca2','lle122053+21@gmail.com','LLE122053+21@GMAIL.COM','lle122053+21@gmail.com','LLE122053+21@GMAIL.COM',_binary '','AQAAAAEAACcQAAAAEJSnQGAOQxt+R/6sEiHZG2gmKfonQ0yfaYHcyXbUEGXVo4xRRsqd6v81XbJuA0ozOQ==','WYJKGDT5CPKC5ETZZGZY6D6YF3G6MDMW','8a0ffed5-5fec-4665-bd02-d2a5d4c13acd','+840342539524',_binary '',_binary '',NULL,_binary '\0',0,'2','Test ','Test  2','+84','0342539524',NULL,'Viet Nam',NULL,NULL,'1970-01-01',NULL,NULL,NULL,_binary '\0',NULL,'{\"ChangePassword\":null,\"ChangePhoneOldPhone\":null,\"ChangePhoneNewPhone\":null,\"ChangeTwoFactor\":null,\"LockAccount\":null,\"UnlockAccount\":null,\"AddPhoneNumber\":\"4KNDJ6QTABESHOTW\",\"AddLockScreen\":null,\"Login\":\"QADGJHUIDKLC5KYR\"}',NULL),('3db9ec64-e644-4a4e-9eea-f105a973bfe1','bongbongmuahe4195+100@gmail.com','BONGBONGMUAHE4195+100@GMAIL.COM','bongbongmuahe4195+100@gmail.com','BONGBONGMUAHE4195+100@GMAIL.COM',_binary '\0','AQAAAAEAACcQAAAAEBrwcAV4SsZo7dEQ/wMTxR6tfOmckgRVtnf2HncMnDA1KSbRBzo8qVgY1S/DF+bZWA==','M376JUEXW7WRGJOGZI34FLPU3ER2LTCX','15f38532-4d71-4c09-8399-8afd14a54037',NULL,_binary '\0',_binary '\0',NULL,_binary '\0',0,'1','test ','test  1',NULL,NULL,NULL,NULL,NULL,NULL,'1900-01-01',NULL,NULL,NULL,_binary '\0',NULL,NULL,NULL),('3e41ce97-e98c-4129-b76b-18f20703199f','sanitaminimalist+7@gmail.com','SANITAMINIMALIST+7@GMAIL.COM','sanitaminimalist+7@gmail.com','SANITAMINIMALIST+7@GMAIL.COM',_binary '','AQAAAAEAACcQAAAAEBR1EbyrXQ2Sf/LmVEKW+Rvh6bb4NqGOw2hH2/IfeoL17l5mfy7SpGSOKeA2NVU/QQ==','526UPGNDONJHTZH3EPOPDU7UTRULP3A2','26cb2e57-ff65-41fc-94ac-808065ad6ee0','+84357570294',_binary '',_binary '',NULL,_binary '\0',0,'Thu','Nguyễn Thị','Nguyễn Thị Thu','+84','357570294',NULL,'Vietnam',NULL,NULL,'2018-10-24',NULL,NULL,NULL,_binary '\0',NULL,NULL,NULL),('3fb4fa0d-1768-4378-9236-26ab232c1836','bongbongmuahe4195+20@gmail.com','BONGBONGMUAHE4195+20@GMAIL.COM','bongbongmuahe4195+20@gmail.com','BONGBONGMUAHE4195+20@GMAIL.COM',_binary '','AQAAAAEAACcQAAAAEM1pq+yfMZuw6WpepoyeNqTWLqwzgWTLoJ1g7kGmmGzQyPRHo2qqzukbvI/ex/kgig==','WNG6HWO4K2OVCJHBO7MRXLMSYE62WN32','0443bbf2-5859-45a2-9288-b0f94f2af54b',NULL,_binary '\0',_binary '\0',NULL,_binary '\0',0,'111','test ','test  111',NULL,NULL,'https://i.imgur.com/XpdOiSk.jpg',NULL,NULL,NULL,'1900-01-01',NULL,NULL,NULL,_binary '\0',NULL,NULL,NULL),('43e4a1e8-ce0c-47d4-8642-15472081e216','bongbongmuahe4195+7@gmail.com','BONGBONGMUAHE4195+7@GMAIL.COM','bongbongmuahe4195+7@gmail.com','BONGBONGMUAHE4195+7@GMAIL.COM',_binary '\0','AQAAAAEAACcQAAAAEC9YtA5FEOTLVm0oDuQiGFbub2CEGhryAE8/BRSColcM8b0aSDsR6i1BMGSJvoXaqA==','J6JTDBHLEMXPBT4WPUDJWAAR6WN2GKLR','4131909c-e00e-42c1-88cc-294e3823f22f',NULL,_binary '\0',_binary '\0',NULL,_binary '\0',0,'Test','Test ','Test  Test',NULL,NULL,NULL,NULL,NULL,NULL,'1970-01-01',NULL,NULL,NULL,_binary '\0',NULL,NULL,NULL),('4b9609e7-a03d-4a90-b1ca-93e23c44c667','tieuthanhliem2@gmail.com','TIEUTHANHLIEM2@GMAIL.COM','tieuthanhliem2@gmail.com','TIEUTHANHLIEM2@GMAIL.COM',_binary '','AQAAAAEAACcQAAAAEP01L7QQOYgGqad+aVlcacTswd2qIU3pvre+69u2LLJUIwta3oXzEfGmsolAv0ksKA==','F4WCNQVCCVNZDJVJ43W3VB2ETSWTLKZ6','fa83e4ea-44f4-4e1b-85d7-6ce818268faf','+840965995710',_binary '',_binary '',NULL,_binary '\0',0,'Tieu','liem','liem Tieu','+84','0965995710',NULL,'Viet Nam',NULL,NULL,'2018-10-24','',NULL,NULL,_binary '\0',NULL,'{\"ChangePassword\":null,\"ChangePhoneOldPhone\":null,\"ChangePhoneNewPhone\":null,\"ChangeTwoFactor\":null,\"LockAccount\":null,\"UnlockAccount\":null,\"AddPhoneNumber\":\"XZ6BWPXTNF7FBPGP\",\"AddLockScreen\":null,\"Login\":\"EWAMADMKWSQUDLZR\"}',NULL),('4e7a0812-b013-4d37-b023-89e9ff6215be','ngochuan2212@gmail.com','NGOCHUAN2212@GMAIL.COM','ngochuan2212@gmail.com','NGOCHUAN2212@GMAIL.COM',_binary '','AQAAAAEAACcQAAAAEDoQ6S582qH+r0iteOGcA/b/LRXVP4GX11tNhhIWjOxZ7EpM1JIqX8wc71GaG/Ufhw==','65T25WCYSCKOFRU3UFAXLT3W7CTAS5CC','4cd06017-c906-4e50-9a59-4c696e8cf760','+84987336214',_binary '',_binary '\0',NULL,_binary '\0',0,'Huấn','Ngô','Ngô Huấn','+84','987336214','https://i.imgur.com/3zb6hGZ.png','Vietnam','Ha Noi',NULL,'1992-01-16','Deverlopper','Dep Trai','{\"Website\":\"https://vakaxa.com/\",\"Facebook\":\"https://www.facebook.com/huan.lemcon\",\"Twitter\":null,\"Telegram\":null,\"Skype\":null,\"LinkedIn\":null}',_binary '\0',NULL,'{\"ChangePassword\":null,\"ChangePhoneOldPhone\":\"4SYMFNITCGZFYY6R\",\"ChangePhoneNewPhone\":null,\"ChangeTwoFactor\":null,\"LockAccount\":null,\"UnlockAccount\":null,\"AddPhoneNumber\":null,\"AddLockScreen\":null,\"Login\":null}','3'),('4fe7eaf9-593e-43a9-a552-02978a78cb6b','lle122053@gmail.com','LLE122053@GMAIL.COM','lle122053@gmail.com','LLE122053@GMAIL.COM',_binary '','AQAAAAEAACcQAAAAEMaAYixM1MFwXq9izT1rNoBAPvqOrjMWcJ0j7bA/dCod1AueHeB5drEKrnH3MO77mg==','PEK6PXA5JFQJQDR4A6ZUK6TIEXVAQWHQ','9012aed8-f101-4a76-b26f-dce41371b563','+8401642539524',_binary '',_binary '',NULL,_binary '\0',0,'Thao','Thao','Thao Thao','+84','01642539524',NULL,'Viet Nam',NULL,NULL,'2018-10-24','',NULL,NULL,_binary '\0',NULL,'{\"ChangePassword\":null,\"ChangePhoneOldPhone\":null,\"ChangePhoneNewPhone\":null,\"ChangeTwoFactor\":null,\"LockAccount\":null,\"UnlockAccount\":\"TCLGTECXSFDROIKD\",\"AddPhoneNumber\":\"WFZMEBJWX6RJHEAV\",\"AddLockScreen\":null,\"Login\":\"LPLLYUOBA3ISPY27\"}',NULL),('5b06d940-516b-42cc-8234-73c4063bcc0d','bongbongmuahe4195+8@gmail.com','BONGBONGMUAHE4195+8@GMAIL.COM','bongbongmuahe4195+8@gmail.com','BONGBONGMUAHE4195+8@GMAIL.COM',_binary '\0','AQAAAAEAACcQAAAAEOiXxEvnGs5vxIl2D3x33yTjFun6u4QX0E43eqE4JlFmp9oGMdxwepgtjKvWufU3Jw==','5MQVL3DZSHAK5IJ4D7SPS75PBTHBCRTK','ed3e53ea-2e80-40ef-b1b3-c49a96106729',NULL,_binary '\0',_binary '\0',NULL,_binary '\0',0,'Test','Test','Test Test',NULL,NULL,NULL,NULL,NULL,NULL,'1970-01-01',NULL,NULL,NULL,_binary '\0',NULL,NULL,NULL),('5f419f5b-9566-44b2-b0de-edea47aa9089','bongbongmuahe4195+11@gmail.com','BONGBONGMUAHE4195+11@GMAIL.COM','bongbongmuahe4195+11@gmail.com','BONGBONGMUAHE4195+11@GMAIL.COM',_binary '\0','AQAAAAEAACcQAAAAELC7Q6oCtEgRBX1vzT+9iufZ6zyTgueBtW3pA9BqEQtg+LGNT4roRU/zcfRDYKyepw==','M7HDDWGK4VVACZQU5OAT7JUAMSSV3UR5','d86cfc9b-bd50-4202-8375-11843c73cbd3',NULL,_binary '\0',_binary '\0',NULL,_binary '\0',0,'test','test ','test  test',NULL,NULL,NULL,NULL,NULL,NULL,'1900-01-01',NULL,NULL,NULL,_binary '\0',NULL,NULL,NULL),('660ca1ae-48bf-4f2f-99a1-edce22604c54','sanitaminimalist+5@gmail.com','SANITAMINIMALIST+5@GMAIL.COM','sanitaminimalist+5@gmail.com','SANITAMINIMALIST+5@GMAIL.COM',_binary '','AQAAAAEAACcQAAAAEF2CvcKzjZy57yKv0KI5pAdBAPrM6tc4YJXJX+lQFfk2+sW01HKcyOIt0KHA1T2wTw==','B2DEGPMXATHPMSRGWYLMIKZOANQOUNBY','479302cd-00af-4517-b521-fc2ee9a8fbb6','+84357570294',_binary '',_binary '',NULL,_binary '\0',0,'Thu','Nguyễn Thị','Nguyễn Thị Thu','+84','357570294',NULL,'Vietnam',NULL,NULL,'2018-10-24','',NULL,NULL,_binary '\0',NULL,NULL,NULL),('6c057dfb-9e0e-49c4-89f8-59fec135a51a','bongbongmuahe4195+10@gmail.com','BONGBONGMUAHE4195+10@GMAIL.COM','bongbongmuahe4195+10@gmail.com','BONGBONGMUAHE4195+10@GMAIL.COM',_binary '\0','AQAAAAEAACcQAAAAEP2YcD0L0nsTmosgBJpn/CZHjvcdXZEti6AAr0Y0DinMnHrjPtrUymftmwJZoNROhg==','F4V5JAOOWX3MQ6JAASJBJDTEYOAEXLFL','515a1697-9e1a-4b48-9895-71b195802d18',NULL,_binary '\0',_binary '\0',NULL,_binary '\0',0,'1','test ','test  1',NULL,NULL,NULL,NULL,NULL,NULL,'1900-01-01',NULL,NULL,NULL,_binary '\0',NULL,NULL,NULL),('78f0edbf-fa0d-47f0-8b05-9845f3e8a10a','sanitaminimalist+6@gmail.com','SANITAMINIMALIST+6@GMAIL.COM','sanitaminimalist+6@gmail.com','SANITAMINIMALIST+6@GMAIL.COM',_binary '','AQAAAAEAACcQAAAAEKK+RPEyZFyKvSDSCsEFTtgEi0DTD4B26daE55+g35z6C73kQiz1s5lQvy4u+jQvYg==','RE4ESLOU756PO3GWFAQFT2PRAU2YZ4IB','24f24ec6-2a83-44a3-8f5b-1686cb9020eb','+84357570294',_binary '',_binary '',NULL,_binary '\0',0,'Thu','Nguyễn Thị','Nguyễn Thị Thu','+84','357570294',NULL,'Vietnam',NULL,NULL,'2018-10-24',NULL,NULL,NULL,_binary '\0',NULL,NULL,NULL),('8479506d-ad35-42de-9234-40328105877b','lle122052@gmail.com','LLE122052@GMAIL.COM','lle122052@gmail.com','LLE122052@GMAIL.COM',_binary '','AQAAAAEAACcQAAAAEFt6kKF9AmjtwNBdQ2kcL6WN+o+y8UoP+UJoZmXr1HlUE25XxTJCOU85BDweErQD/Q==','LWKBUGN7L6NYE2YPELGLIKMWYDQLRDNU','afcef495-7cff-472f-825d-f99efe0ccff7','+841642539524',_binary '',_binary '',NULL,_binary '\0',0,'Thao','Thao','Thao Thao','+84','1642539524',NULL,'Vietnam',NULL,NULL,'2018-10-24','',NULL,NULL,_binary '\0',NULL,'{\"ChangePassword\":null,\"ChangePhoneOldPhone\":null,\"ChangePhoneNewPhone\":null,\"ChangeTwoFactor\":null,\"LockAccount\":null,\"UnlockAccount\":null,\"AddPhoneNumber\":null,\"AddLockScreen\":null,\"Login\":\"HEJETTYIPEXF3MYE\"}',NULL),('91dcb6db-5f8c-4dbe-b8cb-d12dbf3f2675','sanitaminimalist+2@gmail.com','SANITAMINIMALIST+2@GMAIL.COM','sanitaminimalist+2@gmail.com','SANITAMINIMALIST+2@GMAIL.COM',_binary '','AQAAAAEAACcQAAAAEIrleRNdE6yR2Zx+2bsawLX3PJJoLvFOf/BOteXVi5n+VSIA25LckghJS5DirLEKlA==','F726TIJCZL4N4PFAHOK4NLUAVZRCL56B','a52a5a04-cb1e-4fa4-9dbe-ce889074ff50',NULL,_binary '\0',_binary '',NULL,_binary '\0',0,'Thu','Nguyễn Thị','Nguyễn Thị Thu',NULL,NULL,NULL,NULL,NULL,NULL,'2018-10-24','',NULL,NULL,_binary '\0',NULL,NULL,NULL),('96077d36-f62b-4bd6-83f4-65e62a4f7e5a','bongbongmuahe4195+21@gmail.com','BONGBONGMUAHE4195+21@GMAIL.COM','bongbongmuahe4195+21@gmail.com','BONGBONGMUAHE4195+21@GMAIL.COM',_binary '','AQAAAAEAACcQAAAAEJqzeAmzK/gO51OKW8wfqsklHN9/OUD1FLxY4TrryYBLMzy7Wz/nGnn0iJpIQEFHtw==','EOIEBWSM6RWUG4VHCECTXZNMAHHAX7IX','62882ba9-68e6-4175-a02f-841c8a1b67b2',NULL,_binary '\0',_binary '\0',NULL,_binary '\0',0,'1','test ','test  1',NULL,NULL,NULL,NULL,NULL,NULL,'1900-01-01',NULL,NULL,NULL,_binary '\0',NULL,NULL,NULL),('a7a9ca88-d59b-4be2-a18d-45731d3ef809','xuantrinhit@gmail.com','XUANTRINHIT@GMAIL.COM','xuantrinhit@gmail.com','XUANTRINHIT@GMAIL.COM',_binary '','AQAAAAEAACcQAAAAEPElc/PMSSUyLceqPQXENtOGkpj4PaqL0PX830oS98x0t/EYYWdP9yE82Eg3PJdgxQ==','BZ6PSAEU5DL7YQYBKJGRHZQ4IW3SVI3B','5cb0852e-6028-4254-a5c3-179b8037beab',NULL,_binary '\0',_binary '\0',NULL,_binary '\0',0,'Test','Trinh','Trinh Test',NULL,NULL,NULL,NULL,NULL,NULL,'1900-01-01',NULL,NULL,NULL,_binary '\0',NULL,NULL,NULL),('acd1e1e7-e2e2-4853-8dfd-c0f07c2426e2','bongbongmuahe4195+3@gmail.com','BONGBONGMUAHE4195+3@GMAIL.COM','bongbongmuahe4195+3@gmail.com','BONGBONGMUAHE4195+3@GMAIL.COM',_binary '','AQAAAAEAACcQAAAAEDsBFF7HEFxY1kuWqfpZrl048NVZ1Ky2kgYFexuHixRjFx5prz+RoIiiqMJdvCrpBQ==','AIIUTDUVOWFQBCNKUTBEAK27DXMU2VZT','2fa3c051-9f7b-4462-92f2-efa4a24704aa','+8401642539524',_binary '',_binary '',NULL,_binary '',0,'1234','test','test 1234','+84','01642539524',NULL,'Viet Nam',NULL,NULL,'1970-01-01',NULL,NULL,NULL,_binary '\0',NULL,'{\"ChangePassword\":null,\"ChangePhoneOldPhone\":null,\"ChangePhoneNewPhone\":null,\"ChangeTwoFactor\":null,\"LockAccount\":\"2BIGC3QCATNZ27UH\",\"UnlockAccount\":\"RUFQSHX5YQQXRIZJ\",\"AddPhoneNumber\":\"RLGM4FEODTE2NMIL\",\"AddLockScreen\":null,\"Login\":\"QO4GNHDVD6HVZOR7\"}',NULL),('af794ace-df1e-44e2-a670-591ec998bb0b','web.sieu@gmail.com','WEB.SIEU@GMAIL.COM','web.sieu@gmail.com','WEB.SIEU@GMAIL.COM',_binary '','AQAAAAEAACcQAAAAEP7uJwucxFCU8cvBah8ywmotZPBcmosLWpW2SFso5x3706XCVxU4fvWU0DmrnHSjQQ==','37JJL7YHHRVS6OXEFRWOUQJTWDYTPPCY','0674f702-1199-42ff-9609-c37f9f27a31c','+84976458888',_binary '',_binary '',NULL,_binary '\0',0,'Thai Hoc','Nguyen','Nguyen Thai Hoc','+84','976458888',NULL,'Viet Nam',NULL,NULL,'1970-01-01',NULL,NULL,NULL,_binary '\0',NULL,'{\"ChangePassword\":null,\"ChangePhoneOldPhone\":null,\"ChangePhoneNewPhone\":null,\"ChangeTwoFactor\":null,\"LockAccount\":null,\"UnlockAccount\":null,\"AddPhoneNumber\":\"KUXLE5IZVXAP2NTG\",\"AddLockScreen\":null,\"Login\":\"IZWAA6U7FR64OSJ4\"}',NULL),('c5870867-3747-4d27-bda7-55590d54c36c','lle122053+2@gmail.com','LLE122053+2@GMAIL.COM','lle122053+2@gmail.com','LLE122053+2@GMAIL.COM',_binary '','AQAAAAEAACcQAAAAEEhNFwzbeX2SGCH513JSnOAaO3c+Jo3P5qxr/JOZUrjJeBmSksxyJlQEO/pamm08Vw==','IHNFRGQVTCUWLYZUVTRMIDMBVTHAJGXT','83d06785-2a0f-4d0f-b080-874b986ba9fd',NULL,_binary '\0',_binary '',NULL,_binary '\0',0,'Test','Test','Test Test',NULL,NULL,NULL,NULL,NULL,NULL,'2018-10-24',NULL,NULL,NULL,_binary '\0',NULL,NULL,NULL),('c8e7709e-166b-492a-9244-f253dc4dbfad','bongbongmuahe4195+2@gmail.com','BONGBONGMUAHE4195+2@GMAIL.COM','bongbongmuahe4195+2@gmail.com','BONGBONGMUAHE4195+2@GMAIL.COM',_binary '','AQAAAAEAACcQAAAAEFmH17LWPfJPav2z09UuTJyQXks65VKUF/DJc84kxRNwWywFOJM9CsDdNVyco8Ntxw==','F25WOYDYXD4V6NYCGP3SGKDNIAJO5LOY','3ec98d0a-7b46-4e8e-97de-cd838a51f7df',NULL,_binary '\0',_binary '\0',NULL,_binary '\0',0,'1','test','test 1',NULL,NULL,NULL,NULL,'Ha Noi- Viet Nam',NULL,'2018-08-31','aloha','About me !!!','{\"Website\":null,\"Facebook\":null,\"Twitter\":null,\"Telegram\":null,\"Skype\":null,\"LinkedIn\":null}',_binary '\0',NULL,'{\"ChangePassword\":null,\"ChangePhoneOldPhone\":null,\"ChangePhoneNewPhone\":null,\"ChangeTwoFactor\":\"FDD5RRYH7NRAITI2\",\"LockAccount\":null,\"UnlockAccount\":null,\"AddPhoneNumber\":null,\"AddLockScreen\":null,\"Login\":null}','3'),('da96ff38-1f7e-4175-989e-01462999c09d','bongbongmuahe4195@gmail.com','BONGBONGMUAHE4195@GMAIL.COM','bongbongmuahe4195@gmail.com','BONGBONGMUAHE4195@GMAIL.COM',_binary '','AQAAAAEAACcQAAAAEIYOy3DsXbaBtMYQRymhBx9ThgyXU9s9Ypg5EDMYSJHILbc8RSkygPra/J4HFtokEQ==','QJFXNFWFRIHJOW66SWRYHEMKPQ5IUH5E','404f06bd-447d-4351-b793-ca85a56462f1','+840342539524',_binary '',_binary '\0',NULL,_binary '\0',0,'vakapay','Test','Test vakapay','+84','0342539524',NULL,'Viet Nam',NULL,NULL,'1970-01-01',NULL,NULL,NULL,_binary '',NULL,'{\"ChangePassword\":null,\"ChangePhoneOldPhone\":\"XQFHAWPCWHT7NMRH\",\"ChangePhoneNewPhone\":null,\"ChangeTwoFactor\":\"ZJYFGXCPW26SWPUA\",\"LockAccount\":null,\"UnlockAccount\":null,\"AddPhoneNumber\":\"O62JPHOGU6QU6BT6\",\"AddLockScreen\":null,\"Login\":\"BZQLKVRVHPRYZR4D\"}',NULL),('e9b095a3-de83-4161-8f72-0fffb414b03e','huannn.ptit@gmail.com','HUANNN.PTIT@GMAIL.COM','huannn.ptit@gmail.com','HUANNN.PTIT@GMAIL.COM',_binary '','AQAAAAEAACcQAAAAEGDNd010ANfnUwl8yzuC6sLFggW9p8E9lkHO9KTX2gBv0j8Tn8+aFwcSaYhJjekxrQ==','WAHM7QCHWMGVGCU2NXKCHYLSGJM33TZV','207d2625-27a2-467c-a7fb-e797814f75a6',NULL,_binary '\0',_binary '\0',NULL,_binary '\0',0,'Huấn','Ngô','Ngô Huấn',NULL,NULL,NULL,NULL,NULL,NULL,'1900-01-01',NULL,NULL,NULL,_binary '\0',NULL,NULL,NULL),('eb41bc95-c617-436f-8298-38ca03ad2a49','minhbv92@gmail.com','MINHBV92@GMAIL.COM','minhbv92@gmail.com','MINHBV92@GMAIL.COM',_binary '','AQAAAAEAACcQAAAAECXhcUilyXUNdRJoZZQbzWRyL8nrr0gkqhLNsgEIpYWjJUIutIBCZ3GbbNqMkHnhVQ==','YCSL4UPDYW37Q3ZSHIFHQW3TYGGRKANY','b4184253-bf1a-4129-b334-e7a73cb7adb5','+841675278084',_binary '',_binary '\0',NULL,_binary '\0',0,'bv','minh','minh bv','+84','1675278084',NULL,'Vietnam',NULL,NULL,'2018-10-24',NULL,NULL,NULL,_binary '\0',NULL,NULL,NULL),('f69b8a0c-08de-4956-baa4-02302bc085da','bongbongmuahe4195+5@gmail.com','BONGBONGMUAHE4195+5@GMAIL.COM','bongbongmuahe4195+5@gmail.com','BONGBONGMUAHE4195+5@GMAIL.COM',_binary '\0','AQAAAAEAACcQAAAAEEl/sFSWy5hBq7X3QDmLlrEvN0oxKFmxw8BTPYyHKTk4wCi0SVJ8CNEidNDR8z1amQ==','QQMPKLOHH3SWW52D2K4F7PVPBHPGKKCY','3cadf6d6-a357-415f-af59-d20790b3a1a2',NULL,_binary '\0',_binary '\0',NULL,_binary '\0',0,'vakapay','test','test vakapay',NULL,NULL,NULL,NULL,NULL,NULL,'1970-01-01',NULL,NULL,NULL,_binary '\0',NULL,NULL,NULL);
/*!40000 ALTER TABLE `AspNetUsers` ENABLE KEYS */;
UNLOCK TABLES;

--
-- Table structure for table `EmailQueue`
--

DROP TABLE IF EXISTS `EmailQueue`;
/*!40101 SET @saved_cs_client     = @@character_set_client */;
/*!40101 SET character_set_client = utf8 */;
CREATE TABLE `EmailQueue` (
  `Id` varchar(200) NOT NULL,
  `Status` varchar(45) DEFAULT NULL,
  `Subject` varchar(255) DEFAULT NULL,
  `ToEmail` varchar(45) DEFAULT NULL,
  `Template` int(11) DEFAULT NULL,
  `Version` int(11) NOT NULL,
  `IsProcessing` int(11) NOT NULL,
  `CreatedAt` int(11) DEFAULT NULL,
  `UpdatedAt` int(11) DEFAULT NULL,
  `LinkEmail` text,
  PRIMARY KEY (`Id`)
) ENGINE=InnoDB DEFAULT CHARSET=utf8 COMMENT='utf8_general_ci';
/*!40101 SET character_set_client = @saved_cs_client */;

--
-- Dumping data for table `EmailQueue`
--

LOCK TABLES `EmailQueue` WRITE;
/*!40000 ALTER TABLE `EmailQueue` DISABLE KEYS */;
INSERT INTO `EmailQueue` VALUES ('0103f526-9ef0-44e6-8be3-c7b493dee6e0','Success','Confirm Account.','bongbongmuahe4195+7@gmail.com',1,2,0,1540958252,1541056532,'https://vakaid.vakaxalab.com/SendSms/AddNewPhoneNumber?Username=bongbongmuahe4195%2B7@gmail.com&token=CfDJ8NFuwMV9rNFPjZzAXibc9aUN9OuxexC6glZZ5FI3vJoAh8%2F%2BwrRtnz7sdfRf6ez0YHHVVn2shkcfDmLfhGtjvKFja8tbORVcIj%2BaoVIodh7vm9Ug6WI6OCc06SiZ%2B2t2Qpmg%2FcIOfghfJppf1n%2BFK1lJ0hhfffujl1eext%2FFk2DoYNQI99vzS95wt7w0mt93XtLRwT3mV2fDb6JvOZZVH7mxVOrE%2FraZYY4TB265KL6C73CQjccyGtWZRnS8AHS54Q%3D%3D&TypeVerify=1'),('0310ae42-3fe5-424b-a424-6d933a39e984','Error',NULL,'bongbongmuahe4195@gmail.com',0,2,0,1542075741,1542075742,NULL),('196d844f-b1d8-4497-9905-8aff9bc5e467','Success','Confirm Account.','bongbongmuahe4195+11@gmail.com',1,2,0,1541500557,1541557208,'https://vakaid.vakaxalab.com/SendSms/AddNewPhoneNumber?Username=bongbongmuahe4195%2B11@gmail.com&token=CfDJ8NFuwMV9rNFPjZzAXibc9aW6L3M%2BNMARVPRLKTTGvfX6nXRBzArtG96RE2OtKNqaU6lW8rLhO9druWhgugdpJu2qS5L87ngUO%2FWCimHkTv%2BLeLs5Jm9VkJ0uaIDLfL39feJl2e1sg%2Fyva1e%2BLNZV8GBi%2Fo4DxKVvi4LuC03gXCPNueQNA6s36I%2BqBJksL1ICMQrGNS%2B%2Bl8FhsqHJvutTfAsDb1rAsZ4JuPFMI1JZ%2Fijoy89I5Ov%2FxBeELg3%2Fbthosw%3D%3D&TypeVerify=1'),('22e3add9-de8d-47bf-87bb-3761eb16ae5f','Error',NULL,'bongbongmuahe4195+20@gmail.com',0,2,0,1542021140,1542021141,NULL),('272496da-21d3-4266-90ac-e57a1246814f','Error',NULL,'nuocuongdongchai1988@gmail.com',0,2,0,1542019224,1542019225,NULL),('2bc2f07a-0dc1-4e36-bb61-f1a63ba58585','Success','Confirm Account.','bongbongmuahe4195+8@gmail.com',1,2,0,1540958350,1541056534,'https://vakaid.vakaxalab.com/SendSms/AddNewPhoneNumber?Username=bongbongmuahe4195%2B8@gmail.com&token=CfDJ8NFuwMV9rNFPjZzAXibc9aWGgwUvRTDTpJvJNus4YPXUumsT2dsFH9qGGpHaArSdaBVSTjLGd10IG1aylJS97%2BFI27qZ7bqTglmjQuA9M1NguzQcPOh9txkPLkJqLZdY7Js1jUTnZsDc1CPC2MVY6jDgLKN6%2BuFI52Dj4xOf8Iba8g87hPUKpfivqhDocx70cKxRGMtXU63pL8%2B2ONkzcyYJL4V20IKuJ%2FJcg58y4VkvbfN2%2FC43UwnCgQhJQBqCkg%3D%3D&TypeVerify=1'),('3ceed8d5-7cdc-4126-a3e9-8c02cff94134','Success','Confirm Account.','nguyenthao.mm1995@gmail.com',1,2,0,1541501553,1541557212,'https://vakaid.vakaxalab.com/SendSms/AddNewPhoneNumber?Username=nguyenthao.mm1995@gmail.com&token=CfDJ8NFuwMV9rNFPjZzAXibc9aW8GVqAy0LKy11%2BB6D934qNecKa46JGXiYhWUfnpqEHj4uXlMTHjU%2FXJuFJgj8N9ndcm43JQAs%2FYSA%2BnRXaMgJIQOGOfUAHGchUChXjQK%2BwL7AF%2BevyjYBzsJqp7NIqpbsR3XB1eYOJHiAWZgQE100%2FwNxRKHKWZFqdQDP%2Fw9JZS82j3uCQ4W%2FaKC%2Bj6wFpt5GJJaG%2FhgeIjsVkjkOtC9RoMLflqANKe5Rpxs6rNq1a1g%3D%3D&TypeVerify=1'),('41745132-33a1-4362-958b-32c0dab32831','Success','Confirm Account.','bongbongmuahe4195+4@gmail.com',1,2,0,1541989502,1541989503,'https://vakaid.vakaxalab.com/SendSms/AddNewPhoneNumber?Username=bongbongmuahe4195%2B4@gmail.com&token=CfDJ8NFuwMV9rNFPjZzAXibc9aU51GHYeWsA5WxA2P83WKzupZjsU8XgIkE7fxI3xLURQOJnOHsC07qEZxSCXBkd9uJGL%2FloTwc464hjSiB2tfRqSQDNc2JELAiyui8qEX1a8MehLU5PiUniFKGKYLBdhSIn2JyXnoOxoOvXwuV0TWFlJDlpnROmNs%2F62rLGYHR8kyz0hupDAfKslg1R1%2FL2vAvRHGxEIU0qhLunhQ%2Fixpjco37hw4BKfSHP%2F0noWeC3Jw%3D%3D&TypeVerify=1'),('4341336d-0815-4ccf-870b-0b6072de9348','Success','Confirm Account.','bongbongmuahe4195+11@gmail.com',1,2,0,1541501088,1541557215,'https://vakaid.vakaxalab.com/SendSms/AddNewPhoneNumber?Username=bongbongmuahe4195%2B11@gmail.com&token=CfDJ8NFuwMV9rNFPjZzAXibc9aVWGIYBdMs8uSdWocDJ9A%2Fp9f8U1MkY9Plwm%2BE9aTQNZQPPfIVysNpCyKn8CTFYBjBfxvetr9PP%2BWgO6VkqNqZB6TMNEUjWzgZY402Ib%2F95HWEjUrIwb90GCLXV2x7oMkoHJysDw5%2FRcXGBkATGP%2BNUMSQU30d8grm7VUiCdOsKjHZxrXzrSxFwj2tE61Igf2dsgEOFi9HeaRrFXM%2BRC603HJWXWXWWd6lPqt6si9mnbQ%3D%3D&TypeVerify=1'),('439d721e-4e66-491c-937e-7bf01a68f92b','Success','Confirm Account.','bongbongmuahe4195+5@gmail.com',1,2,0,1540958156,1541056537,'https://vakaid.vakaxalab.com/SendSms/AddNewPhoneNumber?Username=bongbongmuahe4195%2B5@gmail.com&token=CfDJ8NFuwMV9rNFPjZzAXibc9aVQkk90dl6uiNukb3jrmUo8eP6pXjhHL%2Fg2i9Z5WnLTymNbngu6vTqxhsRn3FOl6NcUC%2BkcPLyV%2BLMWDo%2Fs7ewckAn1qfp0umyynUEOVQ4hVhik9ls8veyYfPglWeXnS15Fq9MpfaKUawB55BXLHykjLHE31E2lz5A0yxiaai5ORPDWn9ztWp9jKC5QBJNAcpcsrHQXFhY80L1U4HvxcGXOUfZnJ8aM1NpM0JzU3X1YXA%3D%3D&TypeVerify=1'),('4acb5f1a-3919-4151-b342-fde4c137051c','Error',NULL,'bongbongmuahe4195@gmail.com',0,2,0,1542076715,1542076716,NULL),('51896aca-99f8-44f9-b121-180c41f113d1','Success','Confirm Account.','bongbongmuahe4195+4@gmail.com',1,2,0,1541989054,1541989399,'https://vakaid.vakaxalab.com/SendSms/AddNewPhoneNumber?Username=bongbongmuahe4195%2B4@gmail.com&token=CfDJ8NFuwMV9rNFPjZzAXibc9aUoMiFHRs3R6bEH%2BkeGAmInyo7vYB9%2FqeCFaCChpBL4YBFmGzy9O%2F3Z24bUNZ2qsEFYjh5hU54%2BEkU1N%2F6ozJo2hrQrADobdJkxDpg8YoKuNkFY42ltDO515WO%2BG1L4Pob7vSPYiNqnjhTryrQTY1Tf6s9KnOvL6GdC6B0EVxSlOzTNCAflcM0K7yJ56hk20ZoOFAUhT2bbhN5pdK%2FQbeBy4gxZRf2G%2FPGLAwdHC49gBg%3D%3D&TypeVerify=1'),('6ae8fa5d-3759-4db7-b8e1-24abe7666742','Success','Confirm Account.','bongbongmuahe4195+4@gmail.com',1,2,0,1541989433,1541989435,'https://vakaid.vakaxalab.com/SendSms/AddNewPhoneNumber?Username=bongbongmuahe4195%2B4@gmail.com&token=CfDJ8NFuwMV9rNFPjZzAXibc9aWWBmU%2FentFsEfNg%2B1AvSJyu1VAG5pqXK%2FbZZq0XhO3gtQcKmPdJfh0DERB7jUB0BI4ppwFwqgfsA4X2%2BlUsN587MR3%2FOkTdhnz06tQr2RY%2FTZLHalzIwXjejsep7QHm2GV%2B0%2BO%2FJPFyl9Jop2UHlUcgNHGzlIYGfjPTgOT1fYKT3EhNQx54T8a8ug5Nen2nozim0%2BkDCCpfQIDagI1eqaS0yuIXw9CLHwtbF58GMn%2B9Q%3D%3D&TypeVerify=1'),('6d4b5523-543c-493e-a868-1776c9bdcde3','Success','Confirm Account.','bongbongmuahe4195+2@gmail.com',1,2,0,1541572627,1541572629,'https://vakaid.vakaxalab.com/SendSms/AddNewPhoneNumber?Username=bongbongmuahe4195%2B2@gmail.com&token=CfDJ8NFuwMV9rNFPjZzAXibc9aWf9mkJJQjKzWTPg9%2FqXlr9ahDGQNivMNnlRuUagwgO2ZOJFuQP%2FkwRZ%2FxcrjguBMgKNfdGAxyBPAMk6s0P3VFBLWb6UNVHf3Yy11RM9zTqvP9RPAOW2FimYNO5zpAA%2BqeUpSdK0t6Mw0BdkencOJGwf749BBF9VdhTTSdQJ3WCduxgiEE7OH7QC5bmEJjjIddcpHmAC9zieSgnMfOFSIqnFPXMU1nb4klQUAQ2rKSecw%3D%3D&TypeVerify=1'),('6f2c3240-9147-4140-b7ad-164c16d48281','Error',NULL,'bongbongmuahe4195@gmail.com',0,2,0,1542072977,1542072977,NULL),('804482db-1c19-400b-b46d-8935e6b92b77','Success','Confirm Account.','bongbongmuahe4195+4@gmail.com',1,2,0,1541989182,1541989401,'https://vakaid.vakaxalab.com/SendSms/AddNewPhoneNumber?Username=bongbongmuahe4195%2B4@gmail.com&token=CfDJ8NFuwMV9rNFPjZzAXibc9aWDwpDALBXSVrU3qa1oEmm8hOAeF9u7qhGIq0gLCWt4hK%2BoSDBUoC%2FlA6VP8SfWdNr%2Blwnw9OzNIWuQf9Rh3oUSswYAWxqkDsr5Kt6DFU51leq5x8PStJJMZzagX5hUKqp4mrF3gGoXyJNQgcCP74Y9ityJVCEjYd51kQlWGYL65d52zWhYD0aQ5W9nwitoeVWHBEYWMIOB0hH79wj%2BWeJD4xkXZpMEa13DMcnt2ou2Ag%3D%3D&TypeVerify=1'),('861eda71-34f7-41cf-ac78-c31641d5d370','Error',NULL,'bongbongmuahe4195+6@gmail.com',0,2,0,1542006771,1542006772,NULL),('8769f4d5-a824-40f0-8c55-6bd3663d677e','Success','Confirm Account.','bongbongmuahe4195+3@gmail.com',1,2,0,1540795238,1540795241,'https://vakaid.vakaxalab.com/SendSms/AddNewPhoneNumber?Username=bongbongmuahe4195%2B3@gmail.com&token=CfDJ8NFuwMV9rNFPjZzAXibc9aVHSciNstTpm0%2Bc9CEiJzN3xVMnKzRRV%2F94OBxPaG06EYhXWLVXCjyzMK4cizonYV5ldLhXnyeC3UIi45h4lxEnN4smxUVDDDpKGNgIyLgMR87OtKz1DJ9%2BoSchYOg6o7RLxqbu%2Fq2WaBHUOvnrwNFU5y%2F7EhPWC4xLSUHVLfW2p44ZfxCJr9M%2Bv3YHiSfiJkypgxhuzcGZ082xDoUxJBnn%2BHYxDOKx1cTp4sSSM0T%2B5A%3D%3D&TypeVerify=1&ReturnUrl=https%3A%2F%2Fvakapay.vakaxalab.com%2F'),('894d42c2-f0aa-4204-ba40-d11fbc1d5bb6','Error',NULL,'bongbongmuahe4195@gmail.com',0,2,0,1542073136,1542073137,NULL),('8c35a300-6c2f-4050-812b-ef358669426c','Success','Confirm Account.','bongbongmuahe4195+11@gmail.com',1,2,0,1541501085,1541557217,'https://vakaid.vakaxalab.com/SendSms/AddNewPhoneNumber?Username=bongbongmuahe4195%2B11@gmail.com&token=CfDJ8NFuwMV9rNFPjZzAXibc9aW%2F%2F%2FtasV7aE60aEmGRw6hjnN%2Fw0cXUYReYTlPbJoyuiDPZSgjHZ3O51leb4Z%2BD4DsqXthsc2CV96RAhqHf5qtarbXB1SCTUtDVk31tgrOynuewsWLOLbz4aDhgJeWPvukAlFDTxCYQeY8BMRMCXXyfwMt638%2BOKuqJavrAIqZ0zam8qDa%2BPLNU9g0t6tTxKALOBYNXWCu%2F8RhUM0vHfb7I1d3VRkPd%2BuPEAMzXvgyOTA%3D%3D&TypeVerify=1'),('95a2eb0e-7753-49f4-b0f1-66ed0a3cac0d','Success','Confirm Account.','bongbongmuahe4195+4@gmail.com',1,2,0,1541989504,1541989506,'https://vakaid.vakaxalab.com/SendSms/AddNewPhoneNumber?Username=bongbongmuahe4195%2B4@gmail.com&token=CfDJ8NFuwMV9rNFPjZzAXibc9aWJcNeB1K04qkvkwliQ779TG1ZqsukyBGXVEilNUk5U3zcURHMTwobFeUNBl2F6O06ildKYz6anTuLmAVAJXnNGhgnengmX%2BWe9bK3JZLsTWRUjzSb58IEmfK8vvRFuf1oFWy9k0T6%2BcE%2F0UHF2gvzOWVtxb1MtjHBKUWkoI2p6sBtAbeaXgtopwDgNfHnJlE%2BvXP%2FO3DJMNUs4BOvOul5%2FWmW56WoCcoIb6bp2bkEILw%3D%3D&TypeVerify=1'),('a5ad8646-a1cf-4cda-a12a-4e0fd2234050','Success','Confirm Account.','bongbongmuahe4195+21@gmail.com',1,2,0,1542021317,1542021319,'https://vakaid.vakaxalab.com/SendSms/AddNewPhoneNumber?Username=bongbongmuahe4195%2B21@gmail.com&token=CfDJ8NFuwMV9rNFPjZzAXibc9aV1On42maxkXnDFxGRzAJoPB6ui0LMnLemk98CCnPqldxSpP0ocORuocqzq6caoyP194ku8J3hnmbXj%2BceOEmeu%2Butr03stNmYh3yigdpGg9dNz5ga397l0iN6xpQzarclAG5piWsbMDGY6xAPKA5MJc41oRGs%2BQVccYZK9gmmz1sLXYhBkvqJ3I%2F3wYLk8A6FutVpqyZoro7PxU5ZvsFaJTL84TeG90l%2FBEiIT9dIcrA%3D%3D&TypeVerify=1'),('a6183cb7-5851-4b03-b513-5b71f3e5c6b9','Success','Confirm Account.','bongbongmuahe4195+6@gmail.com',1,2,0,1542006788,1542006789,'https://vakaid.vakaxalab.com/SendSms/AddNewPhoneNumber?Username=bongbongmuahe4195%2B6@gmail.com&token=CfDJ8NFuwMV9rNFPjZzAXibc9aXe%2Bpu4DhzZpkE5Jai%2FtKtaWRXv9%2BEMAXXn4FoArAoOf6Bwdn%2BFFX6Zdv1mOVm66ClZnNAizae4RlGen8IvVQ09cHHm89s86SxO81r9IyFJJAbsGEur6HtDPpHKZP%2BxPo3ZS%2BoT98FMM3z51oc4Y1J3TRogSp1m3Ayt8GGWQh3dl2KUfrgUancJ8YdGPoHm%2F4oRI3OXaUMz%2BkN5YR794afc3qFOYmYmHjaYxfokXytiNA%3D%3D&TypeVerify=1'),('abb28d05-1f7f-42d8-b7aa-9ea97dba129f','Success','Confirm Account.','nguyenthao.mm1995@gmail.com',1,2,0,1541501484,1541557220,'https://vakaid.vakaxalab.com/SendSms/AddNewPhoneNumber?Username=nguyenthao.mm1995@gmail.com&token=CfDJ8NFuwMV9rNFPjZzAXibc9aXinhBTtVBFFUYuKCfQr5aRuYwEOLAkxHbUuStAF6Ah3Z9zrPP84Wo9N9F5CwbBgP17eP0lgVuJgF9J5tFvX9RhzsnnVxTiAuKOI7OvrMd%2BZtWhMmwN%2FxF1mDxdSIuoAlq5V8aBO88UHloTbNS2HwCVa%2BoV5GLzXVhfVtEya13SKSlWtp0ae89VO7hav33QLWfeOId20zCunjWpI8RCsojZZhsjDHl8kTtmQ9C7bvp8yQ%3D%3D&TypeVerify=1'),('b112ee8e-025b-4c18-ab4f-fe9b1475f844','Success','Unlock Account','bongbongmuahe4195+3@gmail.com',2,2,0,1541989919,1541989921,'https://vakaid.vakaxalab.com/Account/VerifyCodeUnLock?Email=bongbongmuahe4195%2B3@gmail.com&token=CfDJ8NFuwMV9rNFPjZzAXibc9aVa61gtbi7eDbLc%2BQ9%2F5%2BlKTqzPX94aQnEyp7PEMuj5x5V9Nh%2Funftp%2FUOh8nGUWtsmc54NG9c4UYjPfKPQwL6Xmz9296%2B14klmcRzvWMzguFAWrEVmFSzIxiwDn8r%2BE1ZbHElKJMsIp1iMYlm%2FJhcvt7vsMCyHjOmsUGzj4Lny3oBTSyDCIC%2Bg90GhwwsMN%2BKjWudl8fZNJdPrzTNcQaCqdTYnwJy9VNvyfRwEzfuQKQ%3D%3D'),('b3d2cbe7-38c7-4ec0-9536-b993c728fa53','Error',NULL,'bongbongmuahe4195+21@gmail.com',0,2,0,1542021298,1542021299,NULL),('b5f42539-c51d-44c8-8b3e-a14a940d4454','Success','Confirm Account.','bongbongmuahe4195+6@gmail.com',1,2,0,1542006794,1542006795,'https://vakaid.vakaxalab.com/SendSms/AddNewPhoneNumber?Username=bongbongmuahe4195%2B6@gmail.com&token=CfDJ8NFuwMV9rNFPjZzAXibc9aXBu%2BoKTEw5v%2FD%2FPAF3NgdoPoyMx47ooeQWcAtq0Yqk4RQLALWpEZJMMnTWt8lPdJFtcDMhCxZawVh6WXG3cBTXRo8EHolcOylAIJ18MDgpefNzKdTKBhf4XUS30aYca%2Fj9i0nNoO7%2FIFCb1oRryd5doBTYNVNCm%2F6ccQGW9g9dZ%2FRWjGnpU%2FR%2FVf2XInImNHW66Z8333PZeiQF8%2FINu8jyKn%2Fo3YaFmEAoIJzI2JzkLg%3D%3D&TypeVerify=1'),('b65d19fa-a472-45bb-9b5e-e3cb4cffb282','Success','Confirm Account.','bongbongmuahe4195+8@gmail.com',1,2,0,1540958323,1541056539,'https://vakaid.vakaxalab.com/SendSms/AddNewPhoneNumber?Username=bongbongmuahe4195%2B8@gmail.com&token=CfDJ8NFuwMV9rNFPjZzAXibc9aV2y3NfDDD%2Br2nj%2Bc6dF2EsPi0KFDZV1FCKtJoeHNvX65C6pyq3lO8BEGKQv8i%2BHVgWkw1Igi8LxIVXDQ1bcLrWZr%2BB9qFPCsRjuln1UATIT30WB6i04FSWtsw07YUwOM0jCKVNHmRTwaJ7yePaPRp03nYZ2bqxHGpFLsJxVHQ%2BZ0Iaa3Mi2SwCLa82FcggDR%2BDjsSeGaMs1tMEU2hNWFgIRLlwi%2B0azlTElA0odjNvQw%3D%3D&TypeVerify=1&ReturnUrl=https%3A%2F%2Fvakapay.vakaxalab.com%2F'),('bc82048f-d3e9-4052-b63c-8dcc990f5065','Success','Confirm Account.','bongbongmuahe4195+5@gmail.com',1,2,0,1540957808,1541056541,'https://vakaid.vakaxalab.com/SendSms/AddNewPhoneNumber?Username=bongbongmuahe4195%2B5@gmail.com&token=CfDJ8NFuwMV9rNFPjZzAXibc9aULQMLI8mzWNwOP6OS9RhRDYo9PuTGWIDsARc0Eb8EyABUk6pCdwcYVMJpmyFKzb5d8tVB8skE%2BqqC23Y8ddMPWxpAgKvTb3yhZzP%2FkmgOCothjnYQZPoOHnT9iLNWBObBOZz%2BZ44%2B2kVk2hlhFlBJKjYdaKN%2FpXuOK8hfqSrDDF4T5u%2F%2BJ9PPaiFlnnnp80ZhvA7RUjUVQHF2leFDLLqmLiD1mTqCKbAAWOKJvAl9ihw%3D%3D&TypeVerify=1&ReturnUrl=https%3A%2F%2Fvakapay.vakaxalab.com%2F'),('c8a948e0-4a9d-4932-9344-4af5fef4cf1b','Success','Confirm Account.','bongbongmuahe4195+11@gmail.com',1,2,0,1541501022,1541557223,'https://vakaid.vakaxalab.com/SendSms/AddNewPhoneNumber?Username=bongbongmuahe4195%2B11@gmail.com&token=CfDJ8NFuwMV9rNFPjZzAXibc9aXyO%2BrCnjpCgxOnY%2BiBN8E0xqNFatayVOHcJZYm%2B8PdUBXfx0bfTEZlUk1RYF8YxHGRl2RfQ58XolfsypquBzWcq0Rm1DAOUCGYGToylWnFoPDV7IawjT2jYdEsF44ClmyOZCNI2J8Pso39sY3i0TUWAwNQmxiYyr%2BU%2ByV%2FQdyvD0epLULstRyLKEmKlUtA1BrktLfAV00ZdKzkTHqddvUgEhhD9%2Bu4wDqRQcLb6ne9%2BQ%3D%3D&TypeVerify=1'),('cf4ae0c8-bf43-46af-9368-8541352556b8','Success','Confirm Account.','xuantrinhit@gmail.com',1,2,0,1541413084,1541413086,'https://vakaid.vakaxalab.com/SendSms/AddNewPhoneNumber?Username=xuantrinhit@gmail.com&token=CfDJ8NFuwMV9rNFPjZzAXibc9aXwTcpPmh4r0U7ATSqBaqgHZHh4j8%2FeP3l46lOHOEithAfRh%2F2sxgN11Aa4ETYlRX8VPDYdiRgMZ8Evo3kTlT4516%2BLf8mj1PCjyh6Z3JhiUkslik%2BWbK5T0VYaVNwmMAhkYWRZobIyWJxjvVsKPOBxuoXGdlAUKVXg17OwAnMiqkcz62n4DtjjTFYybZpUO1YoJ6jjwGUVYbft2F9IwdlNQ8N2Ts4%2BSpr03FeztRCb3g%3D%3D&TypeVerify=1'),('d1f47318-00e5-4937-8f1a-e185b8581358','Success','Confirm Account.','bongbongmuahe4195+100@gmail.com',1,2,0,1541989006,1541989403,'https://vakaid.vakaxalab.com/SendSms/AddNewPhoneNumber?Username=bongbongmuahe4195%2B100@gmail.com&token=CfDJ8NFuwMV9rNFPjZzAXibc9aWanl0zKWLQNCCjN%2FkYqyw5wwU4QAJ1av2o6KUFbld43glYhUSDQNSD8Y9ZdfdnFRxmB3y%2BcUbuYzRoybfcba2nNwLBkB6B84yuO7SKdhcndBzGjlvjtG4gnJchrl1P1i%2BFp8l%2Bb%2FTrq14W6j1Fw1H1%2BNh3WSuG%2F%2FGWVE%2BP4MDRmvhWG1qZS0qsFd263HZ0ftjJWV8TJvKcleOo%2FsW5lTbaWLg%2F1ed1TWyOgn6BjDpSSA%3D%3D&TypeVerify=1'),('ddcb8d3d-88df-49b2-b25b-8c69886430c6','Success','Confirm Account.','bongbongmuahe4195+2@gmail.com',1,2,0,1541572578,1541572580,'https://vakaid.vakaxalab.com/SendSms/AddNewPhoneNumber?Username=bongbongmuahe4195%2B2@gmail.com&token=CfDJ8NFuwMV9rNFPjZzAXibc9aXAPoKrv%2B%2F4FodkeK1VqwZ2Tu4X2cKws8Z2MRMcgGr0B6LXTi%2FsMvgt1UTz4JRYjAHF3sE2ggx6Dg2l%2BpBxChvxuItUp%2BVmpqzFJIsSctqC0pXdQvXN5krWlCrJMmWfGEBICOKURKD3wLTwG4Yi3oBGFXYj0oBDf%2FJ1GH0SkEPplSIpQJ0Vb3vLB4LQtaa2DeLmJz8I0VjAIjl1w%2B2ouTS3JZy06IMpUMZdvOTSbWWrSQ%3D%3D&TypeVerify=1'),('dedfbeeb-4c50-435d-b1c7-d7b62886561b','Error',NULL,'bongbongmuahe4195+10@gmail.com',0,2,0,1542020657,1542020658,NULL),('e1733228-e784-447d-a5b9-78e9abd991ae','Success','Confirm Account.','huannn.ptit@gmail.com',1,2,0,1541056498,1541056543,'https://vakaid.vakaxalab.com/SendSms/AddNewPhoneNumber?Username=huannn.ptit@gmail.com&token=CfDJ8NFuwMV9rNFPjZzAXibc9aUlwHGikCOZQI27FrwiEmw4w4FrimcFefJ18HuG4d2k2lS%2BYqLBxBbJSmtBKdOyNqxTWuUwDjCuv3l3MpfcYd3tykZ%2B6DixpmOp5J%2BdEFBNSecz94WbL817dGdjHqcdHLtyQwASMGwF%2BzTdJLLn2oB6fb7KewadMsHBRDgsQHOvkqSVZcdNI%2FuBmXCoDUGd325hfzxIFigMfOScSCZaInXyFrfGI2ioi%2B37vKlUw9xiWw%3D%3D&TypeVerify=1'),('eb544043-4fbc-4816-ad1e-70660c7f349a','Success','Confirm Account.','bongbongmuahe4195+20@gmail.com',1,2,0,1542021190,1542021192,'https://vakaid.vakaxalab.com/SendSms/AddNewPhoneNumber?Username=bongbongmuahe4195%2B20@gmail.com&token=CfDJ8NFuwMV9rNFPjZzAXibc9aWGKrHcf7O5HGyg3fZXD8MYBOIVXJuxmnN7eHRyrnyD1RjGx5jQfJPzXO1BwF%2FAjgmhAN49AIW3P0NmrMn3vV7hYp812MKq8A6fGsQ4WxnMJgcyz4x1WwPcZ8PHM%2F9ClIkKqtepbdIV1C0HGr6%2FVXs4XLBnkNHItJ6wZhzsFjoYE%2FkjKb5msheGgqLfmvQfexHgf7e90qPiHrvkyGnlASDE6Y8jAj13%2FBjmUCH2Unw7wg%3D%3D&TypeVerify=1'),('efb70aba-43f6-411a-9ebb-1a6304deeb64','Success','Confirm Account.','bongbongmuahe4195+2@gmail.com',1,2,0,1541572769,1541572771,'https://vakaid.vakaxalab.com/SendSms/AddNewPhoneNumber?Username=bongbongmuahe4195%2B2@gmail.com&token=CfDJ8NFuwMV9rNFPjZzAXibc9aU11nEVOsPiIyKQkWIH5C70ngXdslbVE0kj%2F25SSvfAQEmgXrWOd%2BfmsRzc%2BGgu4Ex2dCx0WfGB5e5OdTLbcob7ljHlzxJeyURc5kYDkVWXMEIDvvmhW5wGdpna9%2FhMnAPl2ntDLPulStn70As1XGHvhWih8YnE8QzDkOk4iIThIFreU0DK4iJlX2%2FnixyOXKzb89PKtfYKFcOQeKTwg4RnBSggRZgOqDV8Ob637YOU%2Bw%3D%3D&TypeVerify=1');
/*!40000 ALTER TABLE `EmailQueue` ENABLE KEYS */;
UNLOCK TABLES;

--
-- Table structure for table `SettingActivity`
--

DROP TABLE IF EXISTS `SettingActivity`;
/*!40101 SET @saved_cs_client     = @@character_set_client */;
/*!40101 SET character_set_client = utf8 */;
CREATE TABLE `SettingActivity` (
  `Id` varchar(200) NOT NULL,
  `UserId` varchar(200) DEFAULT NULL,
  `NotifyActivity` text,
  `ShowActivity` text,
  `CreatedAt` int(11) DEFAULT NULL,
  `UpdatedAt` int(11) DEFAULT NULL,
  PRIMARY KEY (`Id`)
) ENGINE=InnoDB DEFAULT CHARSET=utf8 COMMENT='utf8_general_ci';
/*!40101 SET character_set_client = @saved_cs_client */;

--
-- Dumping data for table `SettingActivity`
--

LOCK TABLES `SettingActivity` WRITE;
/*!40000 ALTER TABLE `SettingActivity` DISABLE KEYS */;
INSERT INTO `SettingActivity` VALUES ('07b42531-4bb7-4e49-9680-a796ffd665a6','4e7a0812-b013-4d37-b023-89e9ff6215be','{\"Info\":false,\"Login\":false,\"Action\":true}','{\"UpdatePhone\":false,\"UpdatePassword\":true,\"DeactivateAccount\":false,\"TwoFactor\":true,\"Avatar\":false,\"Login\":true,\"Logout\":true}',1539137413,1539140216);
/*!40000 ALTER TABLE `SettingActivity` ENABLE KEYS */;
UNLOCK TABLES;

--
-- Table structure for table `SmsQueue`
--

DROP TABLE IF EXISTS `SmsQueue`;
/*!40101 SET @saved_cs_client     = @@character_set_client */;
/*!40101 SET character_set_client = utf8 */;
CREATE TABLE `SmsQueue` (
  `Id` varchar(200) NOT NULL,
  `Status` varchar(45) DEFAULT NULL,
  `TextSend` varchar(255) DEFAULT NULL,
  `To` varchar(45) DEFAULT NULL,
  `Version` int(11) NOT NULL,
  `IsProcessing` int(11) NOT NULL,
  `CreatedAt` int(11) DEFAULT NULL,
  `UpdatedAt` int(11) DEFAULT NULL,
  PRIMARY KEY (`Id`)
) ENGINE=InnoDB DEFAULT CHARSET=utf8 COMMENT='utf8_general_ci';
/*!40101 SET character_set_client = @saved_cs_client */;

--
-- Dumping data for table `SmsQueue`
--

LOCK TABLES `SmsQueue` WRITE;
/*!40000 ALTER TABLE `SmsQueue` DISABLE KEYS */;
INSERT INTO `SmsQueue` VALUES ('02b54c4a-409d-4563-b6f7-c75c11d7eaf4','Success','Vakaxa security code is: 072257','+840342539524',2,0,1540958622,1540958842),('02efc553-b55a-4db0-a253-0b9fe9c3ebe2','Success','Vakaxa security code is: 458430','+8401642539524',2,0,1541155632,1541155635),('03813772-45bd-4786-8b3e-132b46fc016f','Success','Vakaxa security code is: 795241','+8401642539524',2,0,1541155859,1541155861),('062a8cff-2cd6-44d8-af7e-8052ca75ddfb','Success','Vakaxa security code is: 603207','+840342539524',2,0,1540977967,1540977970),('08a14e17-8f60-4601-b26e-4e50b03f8158','Success','Vakaxa security code is: 591222','+840342539524',2,0,1541400843,1541401124),('0a1c331d-92dd-42e1-93e8-9acbec96d919','Success','Vakaxa security code is: 665834','+840342539524',2,0,1540969797,1540969975),('0ba8ecf0-c450-4aad-b30d-34a6a8257875','Success','Vakaxa security code is: 148947','+840342539524',2,0,1540958528,1540958845),('0f64eef0-b199-4555-8500-7c776a8eee88','Success','Vakaxa security code is: 867009','+840342539524',2,0,1541386035,1541386037),('12abef35-c686-4b74-890e-b003602a93bc','Success','Vakaxa security code is: 951878','+8401642539524',2,0,1541989673,1541989675),('1760b935-91ef-4efd-adbf-ace77eecd3d6','Success','Vakaxa security code is: 568028','+8401642539524',2,0,1541132574,1541132577),('17eced3b-42c6-4a93-862f-2b155a7cbfe6','Success','Vakaxa security code is: 222349','+840342539524',2,0,1541127511,1541127513),('1d9d2055-c7d7-4cb5-8838-e9438fe6aba5','Success','Vakaxa security code is: 544471','+840342539524',2,0,1541036065,1541036067),('204dae67-611e-4824-a918-6f369ea28602','Success','Vakaxa security code is: 533833','+840342539524',2,0,1541385041,1541385043),('2145fede-14f7-42f0-a977-851e40e0c502','Success','Vakaxa security code is: 803762','+840342539524',2,0,1541143893,1541143896),('280968db-c17e-40cc-a00a-eb965a4a1e98','Success','Vakaxa security code is: 150364','+840342539524',2,0,1541400952,1541401129),('2bfa5e46-bd9a-4914-8631-df0afbdf6c11','Success','Vakaxa security code is: 372516','+840342539524',2,0,1541065463,1541065465),('30a7f695-3780-463b-bbb8-9935e0d171a3','Success','Vakaxa security code is: 065893','+840342539524',2,0,1541141795,1541141798),('3143f36b-4208-4880-8c04-1b30a5aa9793','Success','Vakaxa security code is: 542357','+8401642539524',2,0,1541155965,1541155968),('3b4adfcb-37ac-468a-b7e6-644c0fa3b74b','Success','Vakaxa security code is: 365496','+8401642539524',2,0,1541993547,1541993549),('3b529c30-329e-4e59-82f7-54049081fbae','Success','Vakaxa security code is: 887790','+840342539524',2,0,1540958587,1540958848),('3ca50618-666f-476b-8dcd-2f627927b719','Success','Vakaxa security code is: 859791','+840342539524',2,0,1541155763,1541155765),('3d68f518-5209-47f3-842d-6035af296302','Success','Vakaxa security code is: 256906','+840342539524',2,0,1540969777,1540969978),('3dcef67d-a1ff-4c78-aa2c-70ec180e369e','Success','Vakaxa security code is: 060479','+840342539524',2,0,1541143155,1541143157),('3f872090-3e92-4f0c-837e-02efa4d89a62','Success','Vakaxa security code is: 182509','+840342539524',2,0,1541387752,1541387755),('42b5e938-efd1-423b-b05e-e14ee1422faf','Success','Vakaxa security code is: 460525','+840342539524',2,0,1541127441,1541127443),('456db91e-832d-4a9d-93f0-bc4719eefbd3','Success','Vakaxa security code is: 212641','+84987336214',2,0,1540953681,1540958851),('4635cd71-6aee-4bea-bb60-49449a25a60a','Success','Vakaxa security code is: 291454','+840342539524',2,0,1541152843,1541152846),('46f1afc4-39db-451c-8452-7ce19d122826','Success','Vakaxa security code is: 117974','+8401642539524',2,0,1541140968,1541140971),('486848cf-1164-4d1f-a541-c90abdb408d8','Success','Vakaxa security code is: 129715','+8401642539524',2,0,1541987953,1541989415),('4b119bec-4a14-4ee5-8fab-95675e5cc328','Success','Vakaxa security code is: 077108','+840342539524',2,0,1540969883,1540969981),('515fa4a7-cbe3-4665-838c-a9ea678ed0bc','Success','Vakaxa security code is: 409924','+840342539524',2,0,1541150720,1541150723),('5344549c-6459-4a32-833f-1e1b3f705f9a','Success','Vakaxa security code is: 988476','+8401642539524',2,0,1541990711,1541990714),('564017a9-0b94-40e0-b14a-1fc705da5460','Success','Vakaxa security code is: 095877','+840342539524',2,0,1540889367,1540899418),('5ae92bf7-d8a6-4116-b678-9a38aec73ef6','Success','Vakaxa security code is: 670095','+840342539524',2,0,1541145803,1541145809),('60d8005a-a385-4560-98dd-e368e4a26568','Success','Vakaxa security code is: 059449','+840342539524',2,0,1541064614,1541064618),('61fb91dc-b210-4c17-9c5c-e28abd93c97a','Success','Vakaxa security code is: 455184','+840342539524',2,0,1541150595,1541150598),('6a1fe1e8-7e12-4d45-ba83-4f36d3906b3a','Success','Vakaxa security code is: 148247','+840342539524',2,0,1541381219,1541381222),('6b359d96-f7c4-4bc2-8f3a-cb4b6aa2c27e','Success','Vakaxa security code is: 947829','+840342539524',2,0,1541401205,1541401208),('6c2287bb-10ce-4fdb-b68f-8f5ed02afb8b','Success','Vakaxa security code is: 547406','+840342539524',2,0,1541380983,1541381152),('6f48fb3b-2ca2-4a66-b5d2-e8775cb74fa1','Success','Vakaxa security code is: 883258','+84987336214',2,0,1541384691,1541384693),('714f98d9-3f0d-4ebe-b9b8-d5d32198a2fe','Success','Vakaxa security code is: 609347','+840342539524',2,0,1541153008,1541153011),('720eb844-08b3-4bae-bec1-a42dcfcdb5a6','Success','Vakaxa security code is: 405757','+8401642539524',2,0,1541989662,1541989665),('74aed514-b293-4765-bcb5-5a2395f873b9','Success','Vakaxa security code is: 699652','+841642539524',2,0,1540975527,1540975530),('7692e1d5-fba8-4b9c-824a-db60e7efe83a','Success','Vakaxa security code is: 159788','+840342539524',2,0,1540889408,1540899421),('7a555d1c-7817-42f1-b226-0287b5ebc3a9','Success','Vakaxa security code is: 838634','+840342539524',2,0,1541149599,1541149601),('7b997cff-c0c3-454b-a279-13e94d36eb2f','Success','Vakaxa security code is: 801263','+840342539524',2,0,1541063062,1541063064),('7ba764c4-a466-45d8-9961-8e07d56b0b6d','Success','Vakaxa security code is: 356731','+840342539524',2,0,1541142397,1541142399),('7e105a9c-be02-4f89-a967-b11b340447ac','Success','Vakaxa security code is: 157168','+840342539524',2,0,1541125341,1541125344),('7eaad660-951c-45c7-aa5f-246e516f6d42','Success','Vakaxa security code is: 572911','+84987336214',2,0,1541493425,1541493428),('82cbfadf-d4da-4ac8-ab93-608296acfb92','Success','Vakaxa security code is: 381409','+840342539524',2,0,1541060700,1541060702),('858a6e81-53d9-4459-b5cc-e03502b3bb19','Success','Vakaxa security code is: 943552','+840342539524',2,0,1541385122,1541385126),('90f3dcb4-747b-4097-b16b-20cc8585ed71','Success','Vakaxa security code is: 605910','+840342539524',2,0,1541035809,1541035940),('9485a8e5-a1f3-47b0-9f91-17c4889ded1c','Success','Vakaxa security code is: 687636','+840342539524',2,0,1541035781,1541035946),('9562e749-6acc-4cf9-ac79-47d360c5a5c1','Success','Vakaxa security code is: 273988','+840342539524',2,0,1541153927,1541153930),('96d0c67c-2a59-433b-815f-c809596183bf','Success','Vakaxa security code is: 582087','+8401642539524',2,0,1541140228,1541140231),('97abf3f2-ee83-4730-9f1d-e2408c8e0b05','Success','Vakaxa security code is: 728514','+840342539524',2,0,1541385712,1541385715),('97c3b9a3-7439-49aa-8bcc-36d79e5386aa','Success','Vakaxa security code is: 472676','+8401642539524',2,0,1541156114,1541156117),('9f3fe772-cf57-445e-ad54-1d86e75cceef','Success','Vakaxa security code is: 202578','+840342539524',2,0,1541152410,1541152413),('a3af8276-58fe-404c-af93-49821ebae004','Success','Vakaxa security code is: 843220','+840342539524',2,0,1541141668,1541141671),('a41416a7-1bda-460a-a701-bff80c2bb440','Success','Vakaxa security code is: 446277','+840342539524',2,0,1541385016,1541385019),('a9426aa9-0770-4810-9be7-93702ea2809b','Error','Vakaxa security code is: 534704',NULL,2,0,1541131977,1541131978),('ab72d667-fa28-454a-9d4c-d3fb95c697c5','Success','Vakaxa security code is: 471330','+840342539524',2,0,1541383939,1541383941),('abc16e91-43ab-4294-bdc6-e67a7abf8324','Success','Vakaxa security code is: 587464','+840342539524',2,0,1541384362,1541384365),('acab7cf1-75ee-4d3f-8f8f-54b47460e309','Success','Vakaxa security code is: 806560','+8401642539524',2,0,1541990555,1541990557),('acc73a24-0cd2-4a83-8ce2-1535c9b3b1ba','Success','Vakaxa security code is: 129161','+8401642539524',2,0,1541156616,1541156618),('ae9592b6-0b57-468f-9bff-728f4318c1fc','Success','Vakaxa security code is: 399096','+840342539524',2,0,1541153408,1541153411),('b39f4b5e-45ce-4198-bf22-f90cf46beff4','Success','Vakaxa security code is: 191268','+840342539524',2,0,1540983310,1540983312),('b7588e94-bdb9-48ae-bed0-e8701ca50c9e','Success','Vakaxa security code is: 039264','+8401642539524',2,0,1541132876,1541132878),('b758d009-04cd-499a-9517-8b5031c462c7','Success','Vakaxa security code is: 086322','+840342539524',2,0,1541153104,1541153107),('b930a702-5dd3-43a3-a2bc-be14552aba14','Success','Vakaxa security code is: 828105','+840342539524',2,0,1541400901,1541401132),('b9e56c4a-e474-4719-9102-85f640213982','Success','Vakaxa security code is: 684548','+840342539524',2,0,1541063028,1541063030),('bb472a5b-edf2-4b2a-94fe-f946614be5f6','Success','Vakaxa security code is: 431329','+841642539524',2,0,1540974819,1540974821),('bc7a1b3e-3f35-499c-a219-9beb288224a1','Success','Vakaxa security code is: 242423','+840342539524',2,0,1540977874,1540977879),('be3e48e9-1829-4556-b693-77851e3f9c16','Success','Vakaxa security code is: 007555','+8401642539524',2,0,1541132470,1541132472),('c4285a02-d5cb-4b80-b26a-c4650641a243','Success','Vakaxa security code is: 716357','+840342539524',2,0,1541125511,1541125513),('c5349220-4c5b-49a1-be53-f3cf48601025','Success','Vakaxa security code is: 012853','+840342539524',2,0,1541065952,1541065954),('d34054e8-b296-4c07-8d4f-15c8be9b1dbe','Success','Vakaxa security code is: 905034','+840342539524',2,0,1541141261,1541141266),('d4f1eb17-db94-49c6-a1c0-e7551f3896b7','Success','Vakaxa security code is: 589771','+840342539524',2,0,1541384246,1541384248),('d69308a5-86c5-4073-a6a8-6684e01537f5','Success','Vakaxa security code is: 899264','+840342539524',2,0,1540958857,1540958860),('d8a47b8b-fb5f-4dc7-b9ad-cbbaa41eaf4d','Success','Vakaxa security code is: 053946','+840342539524',2,0,1541383895,1541383897),('d960fe1b-f89e-4eeb-9000-5e5b9ea34363','Success','Vakaxa security code is: 144738','+840342539524',2,0,1541146108,1541146111),('decef902-1d71-47b3-b338-d9c7e503ad95','Success','Vakaxa security code is: 386965','+840342539524',2,0,1540958751,1540958853),('e3026f7f-097e-493e-92e9-eedd34ccd635','Success','Vakaxa security code is: 952601','+84973760659',2,0,1541997403,1541997406),('e78cec05-322e-4d90-a0f9-78c05bd387e2','Success','Vakaxa security code is: 955227','+840342539524',2,0,1540970023,1540970025),('ec50b0bc-4f9b-49cb-b023-c798e4567625','Success','Vakaxa security code is: 794885','+840342539524',2,0,1541384979,1541384982),('f0da3935-1092-4655-a290-b415ec899c2c','Success','Vakaxa security code is: 741994','+840342539524',2,0,1541154014,1541154016),('f114a00e-bfd9-42b5-9537-43fdf85d9d27','Success','Vakaxa security code is: 256621','+840342539524',2,0,1540958495,1540958856),('f3d64d82-4b2d-42ed-a072-a3c720024b9b','Success','Vakaxa security code is: 114790','+840342539524',2,0,1541384271,1541384273),('f4fa6c51-792a-4e42-baff-6db9d4aa7e51','Success','Vakaxa security code is: 361504','+840342539524',2,0,1541141985,1541141987),('f58b3221-b228-4cb7-8a2b-243d92e4f3de','Success','Vakaxa security code is: 511683','+841642539524',2,0,1540974662,1540974665),('f737af73-b55a-4791-ba1d-667ad9df5155','Success','Vakaxa security code is: 175587','+8401642539524',2,0,1541133041,1541133044),('f777a267-74e7-4350-9b39-693fa9386043','Success','Vakaxa security code is: 604214','+840342539524',2,0,1541385670,1541385672),('fadfed1d-b9ce-4fbe-b122-fcbe399047c6','Success','Vakaxa security code is: 822705','+840342539524',2,0,1541386195,1541386198);
/*!40000 ALTER TABLE `SmsQueue` ENABLE KEYS */;
UNLOCK TABLES;

--
-- Table structure for table `UserActionLog`
--

DROP TABLE IF EXISTS `UserActionLog`;
/*!40101 SET @saved_cs_client     = @@character_set_client */;
/*!40101 SET character_set_client = utf8 */;
CREATE TABLE `UserActionLog` (
  `Id` varchar(200) NOT NULL,
  `UserId` varchar(200) NOT NULL,
  `Ip` varchar(45) DEFAULT NULL,
  `ActionName` varchar(45) DEFAULT NULL,
  `Description` text,
  `CreatedAt` int(11) DEFAULT NULL,
  `Location` varchar(255) DEFAULT '',
  `Source` varchar(255) DEFAULT NULL,
  PRIMARY KEY (`Id`)
) ENGINE=InnoDB DEFAULT CHARSET=utf8 COMMENT='utf8_general_ci';
/*!40101 SET character_set_client = @saved_cs_client */;

--
-- Dumping data for table `UserActionLog`
--

LOCK TABLES `UserActionLog` WRITE;
/*!40000 ALTER TABLE `UserActionLog` DISABLE KEYS */;
INSERT INTO `UserActionLog` VALUES ('0075bdee-7bdd-4663-99be-ca48607ea027','4e7a0812-b013-4d37-b023-89e9ff6215be','192.168.1.157','Logout','192.168.1.157',1540897205,'localhost',NULL),('008a6408-fac3-4f84-9129-9cb79f33415c','4e7a0812-b013-4d37-b023-89e9ff6215be','192.168.1.239','Login','192.168.1.157',1540882357,'localhost',NULL),('00b7625e-7bb9-4b0c-8ed9-467be97399ed','4e7a0812-b013-4d37-b023-89e9ff6215be','27.72.89.106','Logout','192.168.1.157',1541405163,'Hanoi,Vietnam',NULL),('0235513f-586b-4adf-ad8f-3af63b031aac','4e7a0812-b013-4d37-b023-89e9ff6215be','27.72.89.106','Login','192.168.1.157',1541997138,'Hanoi,Vietnam','Web'),('029e8058-e6f3-4d26-9722-6db1e0b52dae','568ca616-ce5d-44ec-875b-87f322e8bb4a','192.168.1.163','Login','192.168.1.157',1540352455,'localhost',NULL),('02b86981-8eb8-4c50-abac-9163f24a5900','4e7a0812-b013-4d37-b023-89e9ff6215be','27.72.89.106','Logout','192.168.1.157',1540985896,'Hanoi,Vietnam',NULL),('02b925e7-1e33-47da-b0ff-aa10d60da3c9','da96ff38-1f7e-4175-989e-01462999c09d','192.168.1.138','Login','192.168.1.157',1541386052,'localhost',NULL),('0326f55a-db21-46ea-a8c6-1cef90ef475a','4e7a0812-b013-4d37-b023-89e9ff6215be','27.72.89.106','Logout','192.168.1.157',1540978650,'Hanoi,Vietnam',NULL),('03c1c7e1-8cae-4492-8091-2877f6b4d923','e9b095a3-de83-4161-8f72-0fffb414b03e','27.72.89.106','Login','192.168.1.157',1541056724,'Hanoi,Vietnam',NULL),('046855e7-a2be-4b19-a67f-869d4f515985','da96ff38-1f7e-4175-989e-01462999c09d','192.168.1.138','Login','192.168.1.157',1541143920,'localhost',NULL),('049d427d-3215-43f3-97db-a1d0a3853f79','4e7a0812-b013-4d37-b023-89e9ff6215be','27.72.89.106','Logout','192.168.1.157',1542070476,'Hanoi,Vietnam','Web'),('05c0d0dd-24bd-4d31-8348-4f9a8b03907d','4e7a0812-b013-4d37-b023-89e9ff6215be','27.72.89.106','Logout','192.168.1.157',1541390697,'Hanoi,Vietnam',NULL),('05daa276-c1f0-4f26-a950-7b9850e8ea7d','31ddbbaf-db53-4536-87e1-5dcbda4ba0f6','192.168.1.233','Login','192.168.1.157',1541997423,'localhost','Web'),('0638fc5a-a630-45b3-8ecc-84f8a12e2f93','8479506d-ad35-42de-9234-40328105877b','27.72.89.106','Logout','192.168.1.157',1540977814,'Hanoi,Vietnam',NULL),('06733584-3195-48be-a9bb-5aaf57e78619','4e7a0812-b013-4d37-b023-89e9ff6215be','27.72.89.106','Login','192.168.1.157',1542068792,'Hanoi,Vietnam','Web'),('079a6595-de7c-4060-a6dd-956ffcdb71bc','c8e7709e-166b-492a-9244-f253dc4dbfad','27.72.89.106','Login','192.168.1.157',1542079847,'Hanoi,Vietnam','Web'),('08151ff5-55de-40fb-9af8-b540e73aa1f3','e9b095a3-de83-4161-8f72-0fffb414b03e','192.168.1.157','Login','192.168.1.157',1541386468,'localhost',NULL),('087fc86c-8201-4430-af22-fca83ab1ce65','4e7a0812-b013-4d37-b023-89e9ff6215be','27.72.89.106','Login','192.168.1.157',1540518535,'Hanoi,Vietnam',NULL),('08aa4145-5fa6-48af-b5dc-b3764d0ec727','ad6866f2-673a-4545-9bdf-fa65731917fc','27.72.89.106','Login','192.168.1.157',1540547625,'Hanoi,Vietnam',NULL),('09c44b16-85f6-4fa4-8986-e9d3c56b9679','da96ff38-1f7e-4175-989e-01462999c09d','192.168.1.138','Login','192.168.1.157',1541383980,'localhost',NULL),('09c7233a-0bb8-42e3-8264-9e6bdd6d24c9','4e7a0812-b013-4d37-b023-89e9ff6215be','27.72.89.106','Login','192.168.1.157',1541387754,'Hanoi,Vietnam',NULL),('09ebc41e-1f94-4f89-ab58-189a962019c5','da96ff38-1f7e-4175-989e-01462999c09d','27.72.89.106','Login','192.168.1.157',1541060728,'Hanoi,Vietnam',NULL),('0a03ff82-c42c-4cee-a975-b782f061794d','ad6866f2-673a-4545-9bdf-fa65731917fc','192.168.1.138','Login','192.168.1.157',1540547037,'localhost',NULL),('0a6af96f-8a3d-4618-b6fe-962ae41422dc','4e7a0812-b013-4d37-b023-89e9ff6215be','192.168.1.157','Login','192.168.1.157',1540355880,'localhost',NULL),('0b1c988a-2449-4c6d-afba-f32da1c96d15','eb41bc95-c617-436f-8298-38ca03ad2a49','27.72.89.106','Login','192.168.1.157',1540548280,'Hanoi,Vietnam',NULL),('0b292a9f-9b52-4be4-a1f3-41fa8afb5828','4e7a0812-b013-4d37-b023-89e9ff6215be','27.72.89.106','Login','192.168.1.157',1540897781,'Hanoi,Vietnam',NULL),('0bdf25fa-ac5c-498b-87f0-ac6e982d907f','4e7a0812-b013-4d37-b023-89e9ff6215be','192.168.1.239','Login','192.168.1.157',1540887478,'localhost',NULL),('0cda7d22-f768-416a-ae02-dad4db3ab03a','ad6866f2-673a-4545-9bdf-fa65731917fc','192.168.1.138','Login','192.168.1.157',1540550122,'localhost',NULL),('0ce635eb-85ae-43a8-9432-0738a42f6db6','4e7a0812-b013-4d37-b023-89e9ff6215be','27.72.89.106','Login','192.168.1.157',1542070486,'Hanoi,Vietnam','Web'),('0dbfcde1-111a-4d65-ab74-6d208e07c6b9','ad6866f2-673a-4545-9bdf-fa65731917fc','192.168.1.138','Logout','192.168.1.157',1540536680,'localhost',NULL),('0e01edfb-2f7a-41a2-bb51-985ec0f87b77','4e7a0812-b013-4d37-b023-89e9ff6215be','27.72.89.106','Logout','192.168.1.157',1541123682,'Hanoi,Vietnam',NULL),('0e971128-3811-470c-b92b-4584d1cea8d1','4e7a0812-b013-4d37-b023-89e9ff6215be','27.72.89.106','Logout','192.168.1.157',1540897475,'Hanoi,Vietnam',NULL),('0eded634-9e38-4539-8609-5ae6585b6ba3','4e7a0812-b013-4d37-b023-89e9ff6215be','192.168.1.157','Login','192.168.1.157',1540196740,'localhost',NULL),('0f6ca6ac-d1b3-4e27-a3fd-869900e60ee5','42c5fc99-dc79-494c-9e6c-6f2bb46deb00','27.72.89.106','Login','192.168.1.157',1540516355,'Hanoi,Vietnam',NULL),('0fb24d00-32f6-4725-9ca1-b6698af2750a','da96ff38-1f7e-4175-989e-01462999c09d','27.72.89.106','Login','192.168.1.157',1541471783,'Hanoi,Vietnam',NULL),('0fec0483-6c8b-4133-a2f8-d3250510e2a6','4e7a0812-b013-4d37-b023-89e9ff6215be','192.168.1.157','Login','192.168.1.157',1541726684,'localhost',NULL),('107c16d4-7a89-4422-9bf0-150e84a0789d','4fe7eaf9-593e-43a9-a552-02978a78cb6b','192.168.1.138','Logout','192.168.1.157',1541156087,'localhost',NULL),('13a8b8a6-a6ec-4833-a391-470f51b670c6','42c5fc99-dc79-494c-9e6c-6f2bb46deb00','27.72.89.106','Logout','192.168.1.157',1540518187,'Hanoi,Vietnam',NULL),('13bd36af-297e-48e7-9715-3bf1f407d027','da96ff38-1f7e-4175-989e-01462999c09d','192.168.1.138','Logout','192.168.1.157',1540625309,'localhost',NULL),('143501d4-22fa-4f6e-b66d-845104d2e189','da96ff38-1f7e-4175-989e-01462999c09d','192.168.1.138','Logout','192.168.1.157',1541141905,'localhost',NULL),('1490ad33-d9c7-4a66-9c1f-77166a3354ab','c8e7709e-166b-492a-9244-f253dc4dbfad','192.168.1.138','Login','192.168.1.157',1541729739,'localhost','Web'),('14e640e8-1f8e-4466-ba76-1783cce324ba','4e7a0812-b013-4d37-b023-89e9ff6215be','27.72.89.106','Logout','192.168.1.157',1540986235,'Hanoi,Vietnam',NULL),('164b9eae-5e76-4959-bbed-679687497b7d','da96ff38-1f7e-4175-989e-01462999c09d','192.168.1.138','Login','192.168.1.157',1541152896,'localhost',NULL),('166e5044-0865-461b-bd94-e88dbc329c4a','da96ff38-1f7e-4175-989e-01462999c09d','192.168.1.138','Login','192.168.1.157',1542081444,'localhost','Web'),('16942f4c-4378-45a7-b5a4-354ec5c57a41','da96ff38-1f7e-4175-989e-01462999c09d','192.168.1.138','Login','192.168.1.157',1541499281,'localhost',NULL),('173ab9c6-7b2d-4f8f-86a5-2dea918f4894','4e7a0812-b013-4d37-b023-89e9ff6215be','27.72.89.106','Login','192.168.1.157',1540888227,'Hanoi,Vietnam',NULL),('186b2a2b-4b86-4410-8b78-bfec68257049','da96ff38-1f7e-4175-989e-01462999c09d','192.168.1.138','Login','192.168.1.157',1541474458,'localhost',NULL),('18b625f7-3ac8-43e1-a614-d0e5b667fd48','4e7a0812-b013-4d37-b023-89e9ff6215be','27.72.89.106','Logout','192.168.1.157',1540985998,'Hanoi,Vietnam',NULL),('197a8682-ade8-44de-ab26-4018771b4f7c','4e7a0812-b013-4d37-b023-89e9ff6215be','27.72.89.106','Login','192.168.1.157',1541064851,'Hanoi,Vietnam',NULL),('19b2c574-ff3d-470a-aed9-7721cc47b62a','42c5fc99-dc79-494c-9e6c-6f2bb46deb00','27.72.89.106','Login','192.168.1.157',1540518948,'Hanoi,Vietnam',NULL),('1a3b3cc5-10aa-4914-97c9-a2f3263a1f20','da96ff38-1f7e-4175-989e-01462999c09d','192.168.1.138','Login','192.168.1.157',1540625163,'localhost',NULL),('1a92ca90-7095-4284-8ae6-667f3a7dd62e','e9b095a3-de83-4161-8f72-0fffb414b03e','192.168.1.149','Login','192.168.1.157',1541067283,'localhost',NULL),('1ac5a92b-ec99-45e9-a161-be49f1d5164a','4e7a0812-b013-4d37-b023-89e9ff6215be','27.72.89.106','Login','192.168.1.157',1540986460,'Hanoi,Vietnam',NULL),('1bc4f1fd-ccf7-4e84-b79c-999c2721f207','4fe7eaf9-593e-43a9-a552-02978a78cb6b','27.72.89.106','Login','192.168.1.157',1541132607,'Hanoi,Vietnam',NULL),('1c253cdf-03e8-49f6-8cf8-a2e22f0e7020','eb41bc95-c617-436f-8298-38ca03ad2a49','27.72.89.106','Logout','192.168.1.157',1540432735,'Hanoi,Vietnam',NULL),('1ce45ce1-f722-4ea5-97c8-37ae5003f1aa','8479506d-ad35-42de-9234-40328105877b','27.72.89.106','Login','192.168.1.157',1540974691,'Hanoi,Vietnam',NULL),('1e3cf748-8303-44d8-ad20-011f9538d410','4e7a0812-b013-4d37-b023-89e9ff6215be','27.72.89.106','Login','192.168.1.157',1540897656,'Hanoi,Vietnam',NULL),('1e562bbd-3e63-418d-9397-9a3dbdabfbf5','da96ff38-1f7e-4175-989e-01462999c09d','192.168.1.138','Login','192.168.1.157',1542080462,'localhost','Web'),('1e98ea13-a2f8-431f-9125-f5ea721a277f','4e7a0812-b013-4d37-b023-89e9ff6215be','27.72.89.106','Logout','192.168.1.157',1541996331,'Hanoi,Vietnam','Web'),('1ed5749f-2ba7-4c5e-8348-799a84e087ee','da96ff38-1f7e-4175-989e-01462999c09d','192.168.1.138','Login','192.168.1.157',1541385710,'localhost',NULL),('1ed908e1-559d-489c-a0ff-c46e793bb077','c8e7709e-166b-492a-9244-f253dc4dbfad','27.72.89.106','Logout','192.168.1.157',1542079948,'Hanoi,Vietnam','Web'),('1f3f36dd-04c3-4511-a55c-0743cf0c267b','4e7a0812-b013-4d37-b023-89e9ff6215be','27.72.89.106','Login','192.168.1.157',1540256738,'Hanoi,Vietnam',NULL),('1f93915b-3e08-4deb-af38-4b74aa342107','4e7a0812-b013-4d37-b023-89e9ff6215be','192.168.1.157','Login','192.168.1.157',1541727454,'localhost',NULL),('1f9cf3a2-0b95-4890-a58d-d30871956fbe','4e7a0812-b013-4d37-b023-89e9ff6215be','27.72.89.106','Login','192.168.1.157',1540775076,'Hanoi,Vietnam',NULL),('1fd27e69-f07f-4095-b249-e5a807050376','4e7a0812-b013-4d37-b023-89e9ff6215be','27.72.89.106','Logout','192.168.1.157',1540897670,'Hanoi,Vietnam',NULL),('20138ca6-45ff-4337-8445-d7e0c5639582','274cbc29-ef86-484d-aa8d-d048da16f4b2','27.72.89.106','Login','192.168.1.157',1542013060,'Hanoi,Vietnam','Web'),('20b8e463-5f1c-4596-8151-ebb9ac221f5d','4e7a0812-b013-4d37-b023-89e9ff6215be','27.72.89.106','Login','192.168.1.157',1541994982,'Hanoi,Vietnam','Web'),('211492cd-910f-49c0-8216-80cc1bfa7f24','c8e7709e-166b-492a-9244-f253dc4dbfad','192.168.1.138','Logout','192.168.1.157',1541996172,'localhost','Web'),('2150d02c-3e0b-48a1-b8be-f9dc8fc99a7b','acd1e1e7-e2e2-4853-8dfd-c0f07c2426e2','192.168.1.138','Login','192.168.1.157',1541989689,'localhost','Web'),('21ddf4d6-63ac-41b2-8e65-45aa6e6b6f57','4e7a0812-b013-4d37-b023-89e9ff6215be','192.168.1.239','Logout','192.168.1.157',1540795944,'localhost',NULL),('2257145d-a244-44e0-b670-020ba9d53072','da96ff38-1f7e-4175-989e-01462999c09d','192.168.1.138','Login','192.168.1.157',1541152442,'localhost',NULL),('2285783f-4991-4527-b652-d5b4abe89240','da96ff38-1f7e-4175-989e-01462999c09d','27.72.89.106','Logout','192.168.1.157',1541559141,'Hanoi,Vietnam',NULL),('229a61c1-57b1-4769-8750-cbbbc07e566f','eb41bc95-c617-436f-8298-38ca03ad2a49','27.72.89.106','Logout','192.168.1.157',1540370437,'Hanoi,Vietnam',NULL),('230c0f94-8c43-483d-b259-e5df4eb5d30f','e9b095a3-de83-4161-8f72-0fffb414b03e','192.168.1.138','Logout','192.168.1.157',1541058137,'localhost',NULL),('23cafbb8-f243-481b-b36e-6d2d9352c57c','4e7a0812-b013-4d37-b023-89e9ff6215be','27.72.89.106','Login','192.168.1.157',1541392527,'Hanoi,Vietnam',NULL),('23f12b1e-f7d2-4b16-87fb-d35754112fc5','c8e7709e-166b-492a-9244-f253dc4dbfad','192.168.1.138','Login','192.168.1.157',1541573176,'localhost',NULL),('246450ef-830b-42bf-b23e-d07840feb8d7','4e7a0812-b013-4d37-b023-89e9ff6215be','27.72.89.106','Logout','192.168.1.157',1540897441,'Hanoi,Vietnam',NULL),('2529c71a-9196-4212-9350-fa846afbd07b','eb41bc95-c617-436f-8298-38ca03ad2a49','27.72.89.106','Login','192.168.1.157',1540548124,'Hanoi,Vietnam',NULL),('2547246d-7bdb-4f86-aad5-c4d1b3cc2dff','ad6866f2-673a-4545-9bdf-fa65731917fc','192.168.1.138','Logout','192.168.1.157',1540550604,'localhost',NULL),('256a4d82-35b1-4ef0-89b8-596220f0285f','4e7a0812-b013-4d37-b023-89e9ff6215be','192.168.1.171','Logout','192.168.1.157',1540628160,'localhost',NULL),('2651474a-a259-4b2b-817f-c7b7011318d8','4e7a0812-b013-4d37-b023-89e9ff6215be','27.72.89.106','Login','192.168.1.157',1541390553,'Hanoi,Vietnam',NULL),('26aa5532-3c77-4aab-8361-ed1345a30f74','4e7a0812-b013-4d37-b023-89e9ff6215be','27.72.89.106','Logout','192.168.1.157',1540980109,'Hanoi,Vietnam',NULL),('270e374b-8e6c-4370-aa4c-62bc9f077078','da96ff38-1f7e-4175-989e-01462999c09d','192.168.1.138','Logout','192.168.1.157',1541386175,'localhost',NULL),('27abb6e2-b5e8-4815-8e25-02a4753ee46d','af794ace-df1e-44e2-a670-591ec998bb0b','27.72.89.106','Login','192.168.1.157',1540797043,'Hanoi,Vietnam',NULL),('280f119b-065f-4ce5-a248-1b3a2147b689','c8e7709e-166b-492a-9244-f253dc4dbfad','192.168.1.138','Login','192.168.1.157',1541731000,'localhost','Web'),('28211597-a63c-4abf-8602-dc80c1d5ed31','3fb4fa0d-1768-4378-9236-26ab232c1836','192.168.1.138','Login','192.168.1.157',1542021384,'localhost','Web'),('28dd5aaa-ef51-4a49-8881-ae20e349f067','4b9609e7-a03d-4a90-b1ca-93e23c44c667','192.168.1.186','Logout','192.168.1.157',1540785701,'localhost',NULL),('29749024-e909-48a7-86a6-01534102bb4e','274cbc29-ef86-484d-aa8d-d048da16f4b2','27.72.89.106','Login','192.168.1.157',1542013114,'Hanoi,Vietnam','Web'),('29eb8fc3-c48f-4fbf-ba7c-e374c961386a','4e7a0812-b013-4d37-b023-89e9ff6215be','192.168.1.149','Login','192.168.1.157',1540553190,'localhost',NULL),('2a18b235-93b0-4031-ac22-b90f3c3cf973','e9b095a3-de83-4161-8f72-0fffb414b03e','27.72.89.106','Login','192.168.1.157',1541056586,'Hanoi,Vietnam',NULL),('2a33b168-2bfe-4f71-b969-774622f73815','0f986d91-e98c-4e1a-a33f-b389f0108dcd','27.72.89.106','Login','192.168.1.157',1540886231,'Hanoi,Vietnam',NULL),('2a4153a6-73b8-4054-9776-00856f53fd79','ad6866f2-673a-4545-9bdf-fa65731917fc','192.168.1.138','Logout','192.168.1.157',1540547183,'localhost',NULL),('2adf5a79-f1f1-44ef-a9ce-0ad00460a372','da96ff38-1f7e-4175-989e-01462999c09d','192.168.1.138','Login','192.168.1.157',1541563886,'localhost',NULL),('2b5db3e5-aa06-4328-9f83-888400d4d78c','c8e7709e-166b-492a-9244-f253dc4dbfad','192.168.1.138','Logout','192.168.1.157',1542073672,'localhost','Web'),('2c167088-8896-402f-99f0-8932441b8a3e','e9b095a3-de83-4161-8f72-0fffb414b03e','27.72.89.106','Login','192.168.1.157',1541995584,'Hanoi,Vietnam','Web'),('2c921228-1b3a-4928-a76c-d33169f7b0aa','4e7a0812-b013-4d37-b023-89e9ff6215be','192.168.1.157','Login','192.168.1.157',1540895586,'localhost',NULL),('2d1ca039-b01e-4112-8a35-463d36610223','da96ff38-1f7e-4175-989e-01462999c09d','192.168.1.138','Logout','192.168.1.157',1541499248,'localhost',NULL),('2de64ce7-cc0d-43b1-a7e3-86c0f4909a24','4e7a0812-b013-4d37-b023-89e9ff6215be','27.72.89.106','Logout','192.168.1.157',1540192446,'Hanoi,Vietnam',NULL),('2e72b8bc-a8d9-4558-b6cf-3aa20afbbbc0','e9b095a3-de83-4161-8f72-0fffb414b03e','192.168.1.138','Logout','192.168.1.157',1541058013,'localhost',NULL),('2e91d1e3-539a-4a40-bf59-b02ad0483ccb','da96ff38-1f7e-4175-989e-01462999c09d','27.72.89.106','Login','192.168.1.157',1541125562,'Hanoi,Vietnam',NULL),('2f0091fe-b662-4f03-9b9f-152aab0b4875','4e7a0812-b013-4d37-b023-89e9ff6215be','192.168.1.149','Logout','192.168.1.157',1540797558,'localhost',NULL),('2f8ee4cd-f28b-4556-ba79-1d15c4fe5300','4fe7eaf9-593e-43a9-a552-02978a78cb6b','27.72.89.106','Login','192.168.1.157',1541141002,'Hanoi,Vietnam',NULL),('306fbef3-1678-4f3e-bf9f-defe03d7fc75','a7a9ca88-d59b-4be2-a18d-45731d3ef809','27.72.89.106','Login','192.168.1.157',1541413259,'Hanoi,Vietnam',NULL),('306fc57a-09cf-4db5-a8a7-89f487fd03bc','da96ff38-1f7e-4175-989e-01462999c09d','192.168.1.138','Login','192.168.1.157',1541141842,'localhost',NULL),('30729d0b-7a30-4e30-bfda-9e6e56968ac8','0f986d91-e98c-4e1a-a33f-b389f0108dcd','27.72.89.106','Logout','192.168.1.157',1540521570,'Hanoi,Vietnam',NULL),('31951a5a-1971-40b8-a6cc-38a4606e8eda','4e7a0812-b013-4d37-b023-89e9ff6215be','27.72.89.106','Logout','192.168.1.157',1540973997,'Hanoi,Vietnam',NULL),('339e4166-c9f1-4207-8f15-bdf81309b268','4e7a0812-b013-4d37-b023-89e9ff6215be','192.168.1.157','Login','192.168.1.157',1540196667,'localhost',NULL),('33f5f684-d6ef-4433-a895-8729382bfcf2','4e7a0812-b013-4d37-b023-89e9ff6215be','2405:4800:12ef:1648:14f6:7cfd:d5ed:ecf6','Login','192.168.1.157',1540592973,'Hanoi,Vietnam',NULL),('34115884-512d-4840-bc23-d8605ca55dee','eb41bc95-c617-436f-8298-38ca03ad2a49','27.72.89.106','Login','192.168.1.157',1540517619,'Hanoi,Vietnam',NULL),('34e996f5-e2d9-4763-9818-b8b7adaccd41','4e7a0812-b013-4d37-b023-89e9ff6215be','27.72.89.106','Login','192.168.1.157',1541996384,'Hanoi,Vietnam','Web'),('3599c869-3a14-4b8a-84ac-f6819b54d579','4e7a0812-b013-4d37-b023-89e9ff6215be','192.168.1.157','Login','192.168.1.157',1541378745,'localhost',NULL),('36ed8514-2194-42e6-adb8-39b319bb900e','4e7a0812-b013-4d37-b023-89e9ff6215be','27.72.89.106','Login','192.168.1.157',1540345440,'Hanoi,Vietnam',NULL),('3710b571-5c05-4dce-abc3-65584f5aa642','4e7a0812-b013-4d37-b023-89e9ff6215be','27.72.89.106','Logout','192.168.1.157',1540623446,'Hanoi,Vietnam',NULL),('37b6f066-5ee0-482f-af42-048962799c25','da96ff38-1f7e-4175-989e-01462999c09d','27.72.89.106','Logout','192.168.1.157',1541146082,'Hanoi,Vietnam',NULL),('3833f249-9c99-4a26-a808-8ae4c044ceaa','da96ff38-1f7e-4175-989e-01462999c09d','192.168.1.138','Login','192.168.1.157',1541150750,'localhost',NULL),('3847a5d6-fec5-4328-b546-e806eb20e508','4e7a0812-b013-4d37-b023-89e9ff6215be','2405:4800:12ef:1648:14f6:7cfd:d5ed:ecf6','Login','192.168.1.157',1540592662,'Hanoi,Vietnam',NULL),('39b4ef3a-a105-47a5-a483-596f89691fca','ad6866f2-673a-4545-9bdf-fa65731917fc','27.72.89.106','Logout','192.168.1.157',1540547487,'Hanoi,Vietnam',NULL),('3a4a1d9b-ff1c-4b26-9bf1-f7fdf8f5e531','da96ff38-1f7e-4175-989e-01462999c09d','192.168.1.138','Login','192.168.1.157',1542080380,'localhost','Web'),('3a99c4b4-743c-4685-98d9-86d3e6f5fa95','e9b095a3-de83-4161-8f72-0fffb414b03e','192.168.1.157','Logout','192.168.1.157',1541386456,'localhost',NULL),('3b199c8b-4345-473a-ad90-c409f52b002a','ad6866f2-673a-4545-9bdf-fa65731917fc','192.168.1.138','Logout','192.168.1.157',1540191724,'localhost',NULL),('3b60466b-58d1-484b-8fb2-71a319b5f10b','da96ff38-1f7e-4175-989e-01462999c09d','192.168.1.138','Login','192.168.1.157',1541557279,'localhost',NULL),('3b607349-213b-4163-8c8c-ab4246d5c469','c8e7709e-166b-492a-9244-f253dc4dbfad','192.168.1.138','Login','192.168.1.157',1542009526,'localhost','Web'),('3bd4e2fe-f7c0-4c94-bfaa-b4ec3bc36372','c8e7709e-166b-492a-9244-f253dc4dbfad','192.168.1.138','Login','192.168.1.157',1541574869,'localhost',NULL),('3bf4df55-cf30-4dd1-9117-02035427c105','4e7a0812-b013-4d37-b023-89e9ff6215be','192.168.1.157','Login','192.168.1.157',1540451195,'localhost',NULL),('3c7a4cee-1148-4b95-88e3-6cbf7fc7475d','4e7a0812-b013-4d37-b023-89e9ff6215be','27.72.89.106','Logout','192.168.1.157',1540897358,'Hanoi,Vietnam',NULL),('3c9f971c-a8e0-46a9-8f14-87aabf94435c','4e7a0812-b013-4d37-b023-89e9ff6215be','27.72.89.106','Login','192.168.1.157',1541124098,'Hanoi,Vietnam',NULL),('3cc007c7-eef8-459b-b877-9cd078d4af53','4907e29a-9857-497b-94ad-2d3f371f19f9','27.72.89.106','Logout','192.168.1.157',1540555543,'Hanoi,Vietnam',NULL),('3d52ecda-bfaa-4f9d-9642-1f33dec05853','c8e7709e-166b-492a-9244-f253dc4dbfad','192.168.1.138','Login','192.168.1.157',1541757586,'localhost','Web'),('3f30134d-a623-4084-8145-268c04f6b3f7','4e7a0812-b013-4d37-b023-89e9ff6215be','27.72.89.106','Logout','192.168.1.157',1541488524,'Hanoi,Vietnam',NULL),('3f63938a-d22e-4d63-94f4-420ed754fc08','4e7a0812-b013-4d37-b023-89e9ff6215be','192.168.1.157','Logout','192.168.1.157',1540355169,'localhost',NULL),('3f7e0eef-dcab-4862-b2d4-3e1eab8238f5','da96ff38-1f7e-4175-989e-01462999c09d','192.168.1.138','Login','192.168.1.157',1541036091,'localhost',NULL),('3fae0653-94a1-4a8f-81eb-4720d7f364cb','eb41bc95-c617-436f-8298-38ca03ad2a49','27.72.89.106','Logout','192.168.1.157',1540548151,'Hanoi,Vietnam',NULL),('40053f27-fdc7-40d4-9bdb-1838b7faac5b','da96ff38-1f7e-4175-989e-01462999c09d','27.72.89.106','Login','192.168.1.157',1541064637,'Hanoi,Vietnam',NULL),('40a22113-2eda-434b-8cb3-68b95af29195','274cbc29-ef86-484d-aa8d-d048da16f4b2','192.168.1.138','Logout','192.168.1.157',1542020569,'localhost','Web'),('40ec2e3d-e661-4498-b08b-ce4caf810717','e9b095a3-de83-4161-8f72-0fffb414b03e','27.72.89.106','Login','192.168.1.157',1542080010,'Hanoi,Vietnam','Web'),('41019640-8833-4c55-8d06-af315e3ea3c0','4e7a0812-b013-4d37-b023-89e9ff6215be','27.72.89.106','Logout','192.168.1.157',1541124091,'Hanoi,Vietnam',NULL),('4220a080-59c1-4700-b6c3-2dcfa452f40d','4e7a0812-b013-4d37-b023-89e9ff6215be','192.168.1.157','Login','192.168.1.157',1540355111,'localhost',NULL),('4248bc41-fa83-4fba-95a1-e8540549189d','4e7a0812-b013-4d37-b023-89e9ff6215be','27.72.89.106','Login','192.168.1.157',1540548118,'Hanoi,Vietnam',NULL),('43b0c6b4-3312-41ee-8860-be8a4954a225','4e7a0812-b013-4d37-b023-89e9ff6215be','192.168.1.171','Login','192.168.1.157',1542019246,'localhost','Web'),('43c4dd07-aca2-4fb3-b57c-f86a12c60e68','da96ff38-1f7e-4175-989e-01462999c09d','192.168.1.138','Login','192.168.1.157',1541556761,'localhost',NULL),('44549236-6bf4-4191-982c-a57eaf7539f3','4e7a0812-b013-4d37-b023-89e9ff6215be','192.168.1.157','Login','192.168.1.157',1540806826,'localhost',NULL),('454c46fe-2293-4ac5-a8cd-968dda385635','ad6866f2-673a-4545-9bdf-fa65731917fc','27.72.89.106','Logout','192.168.1.157',1540550537,'Hanoi,Vietnam',NULL),('4567fcd4-b03b-44cd-a944-739ae60b037e','da96ff38-1f7e-4175-989e-01462999c09d','192.168.1.138','Login','192.168.1.157',1541146140,'localhost',NULL),('45d88913-2e25-4ac9-aba8-deaf193938f5','da96ff38-1f7e-4175-989e-01462999c09d','27.72.89.106','Logout','192.168.1.157',1540624816,'Hanoi,Vietnam',NULL),('45ebcef0-d777-4790-8ef0-61bf0f801ed2','4e7a0812-b013-4d37-b023-89e9ff6215be','192.168.1.157','Login','192.168.1.157',1540896744,'localhost',NULL),('4602bf6e-4c80-4b7b-bd41-7df32141979a','4e7a0812-b013-4d37-b023-89e9ff6215be','192.168.1.157','Login','192.168.1.157',1540897191,'localhost',NULL),('462fd9ea-2dda-4dd9-807a-558bdec49c76','4e7a0812-b013-4d37-b023-89e9ff6215be','192.168.1.157','Logout','192.168.1.157',1540895615,'localhost',NULL),('46504aad-d6ae-4b6e-8662-b779533e3f5f','4e7a0812-b013-4d37-b023-89e9ff6215be','27.72.89.106','Logout','192.168.1.157',1541056473,'Hanoi,Vietnam',NULL),('46a2b3df-1260-4f50-a5e6-a51f6149b190','da96ff38-1f7e-4175-989e-01462999c09d','27.72.89.106','Login','192.168.1.157',1542077525,'Hanoi,Vietnam','Web'),('471e3c00-d57e-4c50-8e7f-b453b23d1a82','274cbc29-ef86-484d-aa8d-d048da16f4b2','192.168.1.138','Logout','192.168.1.157',1542020811,'localhost','Web'),('473cd71f-541c-4a7c-a7a6-c81436ba713d','4e7a0812-b013-4d37-b023-89e9ff6215be','192.168.1.149','Logout','192.168.1.157',1540797481,'localhost',NULL),('478164e5-9a5a-48e3-895a-ed8ab11dca2b','da96ff38-1f7e-4175-989e-01462999c09d','192.168.1.138','Logout','192.168.1.157',1540625629,'localhost',NULL),('481a244c-c502-400e-8c7d-eafb2b66a89b','4e7a0812-b013-4d37-b023-89e9ff6215be','192.168.1.157','Login','192.168.1.157',1541392651,'localhost',NULL),('48423aae-70fb-4abb-b6cb-4c5de1759b40','c8e7709e-166b-492a-9244-f253dc4dbfad','27.72.89.106','Logout','192.168.1.157',1542080085,'Hanoi,Vietnam','Web'),('4933a240-2250-4b6c-bcfa-08546993e2c5','4fe7eaf9-593e-43a9-a552-02978a78cb6b','192.168.1.138','Login','192.168.1.157',1541140255,'localhost',NULL),('49ad5ad6-d92e-4bd0-889c-d5790eef8842','da96ff38-1f7e-4175-989e-01462999c09d','192.168.1.138','Login','192.168.1.157',1540970050,'localhost',NULL),('4a119dff-452a-409c-8642-2ea4d62b9af4','96077d36-f62b-4bd6-83f4-65e62a4f7e5a','192.168.1.138','Login','192.168.1.157',1542081965,'localhost','Web'),('4a6ba981-77aa-4a75-8cfa-3bf45dca9431','da96ff38-1f7e-4175-989e-01462999c09d','192.168.1.138','Logout','192.168.1.157',1541573152,'localhost',NULL),('4afe736b-95d8-44e5-b2cb-43f81ae0f843','4e7a0812-b013-4d37-b023-89e9ff6215be','27.72.89.106','Logout','192.168.1.157',1541995566,'Hanoi,Vietnam','Web'),('4d13ee8e-94e9-412f-9a66-176e690054d4','da96ff38-1f7e-4175-989e-01462999c09d','27.72.89.106','Logout','192.168.1.157',1541557412,'Hanoi,Vietnam',NULL),('4d8a4385-2ec4-4ee2-bc8a-9e62c03ad0c1','4e7a0812-b013-4d37-b023-89e9ff6215be','192.168.1.80','Logout','192.168.1.157',1540370652,'localhost',NULL),('4dc8ccbc-8575-4ca0-8d22-0b3272d89297','4e7a0812-b013-4d37-b023-89e9ff6215be','27.72.89.106','Login','192.168.1.157',1541586981,'Hanoi,Vietnam',NULL),('4e06a94a-3ed5-47c6-8849-f82f4918b357','da96ff38-1f7e-4175-989e-01462999c09d','192.168.1.138','Login','192.168.1.157',1541384384,'localhost',NULL),('4e5421ed-344b-4909-9c58-1697cdba3ec0','4e7a0812-b013-4d37-b023-89e9ff6215be','27.72.89.106','Login','192.168.1.157',1542160269,'Hanoi,Vietnam','Web'),('4ed6045c-ab57-481b-a9ba-129fd29bf3b9','ad6866f2-673a-4545-9bdf-fa65731917fc','192.168.1.138','Logout','192.168.1.157',1540189823,'localhost',NULL),('50639d69-8e2c-46e6-a08f-6e47d725300b','4e7a0812-b013-4d37-b023-89e9ff6215be','27.72.89.106','Login','192.168.1.157',1540361718,'Hanoi,Vietnam',NULL),('50691e00-92d2-4677-83a7-02cfad4e652c','da96ff38-1f7e-4175-989e-01462999c09d','27.72.89.106','Login','192.168.1.157',1541401247,'Hanoi,Vietnam',NULL),('514f27b4-5742-42de-83b4-93b10e5f2c34','4e7a0812-b013-4d37-b023-89e9ff6215be','192.168.1.149','Logout','192.168.1.157',1540783048,'localhost',NULL),('51b97018-d6e6-40c6-b206-0c8762c643e2','da96ff38-1f7e-4175-989e-01462999c09d','192.168.1.138','Login','192.168.1.157',1541065500,'localhost',NULL),('52087aec-56d6-4dcb-8d1c-30db0eb4e07a','4e7a0812-b013-4d37-b023-89e9ff6215be','27.72.89.106','Login','192.168.1.157',1540985927,'Hanoi,Vietnam',NULL),('5530bb4e-7c87-44dc-ac53-819aca76157b','e9b095a3-de83-4161-8f72-0fffb414b03e','192.168.1.138','Login','192.168.1.157',1541058126,'localhost',NULL),('5553d999-adb5-4965-bc11-8211a4c87a4d','4e7a0812-b013-4d37-b023-89e9ff6215be','27.72.89.106','Login','192.168.1.157',1540978992,'Hanoi,Vietnam',NULL),('56ef27bd-4d1d-48ca-89b9-e07c326e5a44','4e7a0812-b013-4d37-b023-89e9ff6215be','27.72.89.106','Login','192.168.1.157',1540897461,'Hanoi,Vietnam',NULL),('56f2eb17-0fe8-421e-8a5d-35d9b3347ff7','4e7a0812-b013-4d37-b023-89e9ff6215be','192.168.1.157','Login','192.168.1.157',1540895631,'localhost',NULL),('5777e6b5-7c54-4002-9c35-166466aaec90','4e7a0812-b013-4d37-b023-89e9ff6215be','27.72.89.106','Login','192.168.1.157',1542160505,'Hanoi,Vietnam','Web'),('5788c77a-966a-4465-bede-8757b8006da0','4e7a0812-b013-4d37-b023-89e9ff6215be','27.72.89.106','Logout','192.168.1.157',1540346585,'Hanoi,Vietnam',NULL),('58ee8f54-8574-4395-8491-7038c7f13f8f','4e7a0812-b013-4d37-b023-89e9ff6215be','192.168.1.157','Logout','192.168.1.157',1540896931,'localhost',NULL),('5958dd27-89d3-4934-be4d-8e77fbc59385','da96ff38-1f7e-4175-989e-01462999c09d','192.168.1.138','Login','192.168.1.157',1540983344,'localhost',NULL),('599dc1c8-13be-4bfe-b24c-5f22af690409','4e7a0812-b013-4d37-b023-89e9ff6215be','27.72.89.106','Login','192.168.1.157',1540987119,'Hanoi,Vietnam',NULL),('5a993e36-f6a7-41b2-acc4-fe395e656a1f','0f986d91-e98c-4e1a-a33f-b389f0108dcd','27.72.89.106','Login','192.168.1.157',1540544586,'Hanoi,Vietnam',NULL),('5b8bb657-2c4d-4d39-acce-80407555977d','4e7a0812-b013-4d37-b023-89e9ff6215be','27.72.89.106','Login','192.168.1.157',1540547723,'Hanoi,Vietnam',NULL),('5c8a146d-b780-4bee-929d-c4fd5e40587f','4e7a0812-b013-4d37-b023-89e9ff6215be','27.72.89.106','Logout','192.168.1.157',1541064840,'Hanoi,Vietnam',NULL),('5d014f71-da4c-4e95-ab3e-854caa5b3009','ad6866f2-673a-4545-9bdf-fa65731917fc','27.72.89.106','Logout','192.168.1.157',1540547634,'Hanoi,Vietnam',NULL),('5d10f593-9979-4b60-8756-7cf4ced64691','da96ff38-1f7e-4175-989e-01462999c09d','192.168.1.138','Logout','192.168.1.157',1541499185,'localhost',NULL),('5d9ad47c-86b1-46cd-bd64-0b04fb0fe21b','4e7a0812-b013-4d37-b023-89e9ff6215be','27.72.89.106','Logout','192.168.1.157',1540197285,'Hanoi,Vietnam',NULL),('5eedafdb-3050-4628-8a68-102f7f08efa9','e9b095a3-de83-4161-8f72-0fffb414b03e','27.72.89.106','Login','192.168.1.157',1541384933,'Hanoi,Vietnam',NULL),('5f29403b-bc49-4de3-8546-a0182ae800ef','4e7a0812-b013-4d37-b023-89e9ff6215be','27.72.89.106','Login','192.168.1.157',1541587074,'Hanoi,Vietnam',NULL),('5f794a8b-70b6-4d9d-9c8d-71b9d320ba09','1b24bff6-d32c-4ec5-aff4-0741228fb2ba','192.168.1.157','Login','192.168.1.157',1540355192,'localhost',NULL),('604fddf1-df56-40d1-8697-08ba1374ba1b','ad6866f2-673a-4545-9bdf-fa65731917fc','27.72.89.106','Login','192.168.1.157',1540547395,'Hanoi,Vietnam',NULL),('607e3d9c-599c-401f-8733-6e928fca124c','4e7a0812-b013-4d37-b023-89e9ff6215be','27.72.89.106','Logout','192.168.1.157',1540548283,'Hanoi,Vietnam',NULL),('6095328d-a3da-4ae6-a443-b337d6db7318','4e7a0812-b013-4d37-b023-89e9ff6215be','27.72.89.106','Login','192.168.1.157',1541995244,'Hanoi,Vietnam','Web'),('60a95f4b-c73f-4ff6-92b7-5d1fcd50e718','4e7a0812-b013-4d37-b023-89e9ff6215be','192.168.1.157','Logout','192.168.1.157',1540895651,'localhost',NULL),('60c1c123-97ab-4c92-8f59-bc73a9b4f122','274cbc29-ef86-484d-aa8d-d048da16f4b2','192.168.1.138','Logout','192.168.1.157',1542020363,'localhost','Web'),('60cc816c-bbec-4516-9bc9-46be63e29b8a','4b9609e7-a03d-4a90-b1ca-93e23c44c667','192.168.1.186','Login','192.168.1.157',1540779960,'localhost',NULL),('610a6e2d-0b26-41f6-83a9-9255cf86a1e0','4e7a0812-b013-4d37-b023-89e9ff6215be','27.72.89.106','Logout','192.168.1.157',1541390543,'Hanoi,Vietnam',NULL),('615c9e38-ba9c-47c1-8399-dd8ebbe44a9e','da96ff38-1f7e-4175-989e-01462999c09d','192.168.1.138','Logout','192.168.1.157',1541141762,'localhost',NULL),('618d497f-961d-4121-8181-9d4defdd6302','4e7a0812-b013-4d37-b023-89e9ff6215be','192.168.1.239','Login','192.168.1.157',1540804885,'localhost',NULL),('61e69eb3-5884-4bd2-aedd-c7311c23418b','4e7a0812-b013-4d37-b023-89e9ff6215be','27.72.89.106','Logout','192.168.1.157',1541996656,'Hanoi,Vietnam','Web'),('61f59e4c-ee51-4382-b1cf-d5d8f780959c','da96ff38-1f7e-4175-989e-01462999c09d','27.72.89.106','Logout','192.168.1.157',1541384610,'Hanoi,Vietnam',NULL),('627cf354-d545-43f7-9289-354186f7ca34','568ca616-ce5d-44ec-875b-87f322e8bb4a','192.168.1.163','Login','192.168.1.157',1540352870,'localhost',NULL),('62a790dc-551e-4ec3-94e9-b18b260bbdba','4e7a0812-b013-4d37-b023-89e9ff6215be','27.72.89.106','Logout','192.168.1.157',1540986179,'Hanoi,Vietnam',NULL),('62e9b4ad-5157-45c2-a914-719abe2906ee','da96ff38-1f7e-4175-989e-01462999c09d','192.168.1.138','Login','192.168.1.157',1540622996,'localhost',NULL),('62f00e7e-1c76-4041-8d1f-9b5d245f4aeb','c8e7709e-166b-492a-9244-f253dc4dbfad','192.168.1.138','Logout','192.168.1.157',1541996161,'localhost','Web'),('62f5533a-455c-4ef3-b62a-f8f62cf3d528','42c5fc99-dc79-494c-9e6c-6f2bb46deb00','27.72.89.106','Logout','192.168.1.157',1540538590,'Hanoi,Vietnam',NULL),('62f955c7-4295-47f8-9728-713bca0920cc','eb41bc95-c617-436f-8298-38ca03ad2a49','27.72.89.106','Login','192.168.1.157',1540517779,'Hanoi,Vietnam',NULL),('64142304-f2e8-41e8-a696-858eac01a5a4','4e7a0812-b013-4d37-b023-89e9ff6215be','192.168.1.157','Logout','192.168.1.157',1540896402,'localhost',NULL),('65a5a912-8665-4d0e-a7ec-80b0f1fd2209','4e7a0812-b013-4d37-b023-89e9ff6215be','27.72.89.106','Logout','192.168.1.157',1541993521,'Hanoi,Vietnam','Web'),('662f8c22-77d0-40f9-a257-4ddcf34a8f8b','da96ff38-1f7e-4175-989e-01462999c09d','27.72.89.106','Login','192.168.1.157',1540624090,'Hanoi,Vietnam',NULL),('67451fea-3e37-4ec5-908a-d193d6752127','da96ff38-1f7e-4175-989e-01462999c09d','192.168.1.138','Login','192.168.1.157',1542073931,'localhost','Web'),('676599b0-cf39-432a-9f23-a84a6996fd8a','274cbc29-ef86-484d-aa8d-d048da16f4b2','27.72.89.106','Login','192.168.1.157',1542013175,'Hanoi,Vietnam','Web'),('67777d65-9183-474b-876e-358e8eba489e','0f986d91-e98c-4e1a-a33f-b389f0108dcd','27.72.89.106','Logout','192.168.1.157',1540544549,'Hanoi,Vietnam',NULL),('685d81c7-2e5f-4b1f-a6d9-0aa0e269c4f9','e9b095a3-de83-4161-8f72-0fffb414b03e','27.72.89.106','Login','192.168.1.157',1541405189,'Hanoi,Vietnam',NULL),('68ee49cb-2510-4418-82dd-2d125f5d7b23','4fe7eaf9-593e-43a9-a552-02978a78cb6b','27.72.89.106','Logout','192.168.1.157',1541140749,'Hanoi,Vietnam',NULL),('6916cf18-a595-48d4-8d86-fdaef10027ad','4fe7eaf9-593e-43a9-a552-02978a78cb6b','192.168.1.138','Login','192.168.1.157',1541156174,'localhost',NULL),('699bc8c8-edf3-40e2-a4e5-cff7c29022b8','4e7a0812-b013-4d37-b023-89e9ff6215be','27.72.89.106','Login','192.168.1.157',1540433887,'Hanoi,Vietnam',NULL),('69e5cafa-c008-45ff-8749-99a62d852c69','4e7a0812-b013-4d37-b023-89e9ff6215be','27.72.89.106','Logout','192.168.1.157',1540897581,'Hanoi,Vietnam',NULL),('6a551881-a1b0-4192-b69d-be96bb654458','4e7a0812-b013-4d37-b023-89e9ff6215be','27.72.89.106','Logout','192.168.1.157',1540897797,'Hanoi,Vietnam',NULL),('6ae6bd5f-9aad-4771-98a2-5c348fe94355','4e7a0812-b013-4d37-b023-89e9ff6215be','27.72.89.106','Login','192.168.1.157',1542103018,'Hanoi,Vietnam','Web'),('6b09c530-586f-40c4-b5ed-3dec81fa4e78','4e7a0812-b013-4d37-b023-89e9ff6215be','27.72.89.106','Login','192.168.1.157',1540897342,'Hanoi,Vietnam',NULL),('6b39e5c8-9de6-4121-95bc-0e0fd4e208c0','4e7a0812-b013-4d37-b023-89e9ff6215be','27.72.89.106','Login','192.168.1.157',1541034251,'Hanoi,Vietnam',NULL),('6b3f2d5a-67e7-4b53-befd-56b8d9ab8b2f','c8e7709e-166b-492a-9244-f253dc4dbfad','192.168.1.138','Logout','192.168.1.157',1541730819,'localhost','Web'),('6bc96a54-e6a0-4b12-99ec-336d6a01d022','c8e7709e-166b-492a-9244-f253dc4dbfad','192.168.1.138','Login','192.168.1.157',1542078322,'localhost','Web'),('6ce945e7-9e97-467f-9399-75cca99b8bc1','da96ff38-1f7e-4175-989e-01462999c09d','192.168.1.138','Logout','192.168.1.157',1542081401,'localhost','Web'),('6d9c93be-5c39-4f1f-9cc0-e6f649fc26c1','da96ff38-1f7e-4175-989e-01462999c09d','192.168.1.138','Login','192.168.1.157',1540625547,'localhost',NULL),('6e3662c3-9a39-41bd-b824-617c8a6ca535','4e7a0812-b013-4d37-b023-89e9ff6215be','192.168.1.157','Login','192.168.1.157',1540896911,'localhost',NULL),('6f8873c3-0fc3-4fce-ab2c-e38bbaf32cb9','e9b095a3-de83-4161-8f72-0fffb414b03e','192.168.1.157','Login','192.168.1.157',1541489816,'localhost',NULL),('70ade125-2365-4246-ac30-6bac5570187a','da96ff38-1f7e-4175-989e-01462999c09d','192.168.1.138','Login','192.168.1.157',1541385189,'localhost',NULL),('70f1740e-a72d-47cf-b0f8-21d7950d4d62','4e7a0812-b013-4d37-b023-89e9ff6215be','27.72.89.106','Login','192.168.1.157',1540356257,'Hanoi,Vietnam',NULL),('728ec9fb-5938-4903-95e6-6357344de8d0','4e7a0812-b013-4d37-b023-89e9ff6215be','27.72.89.106','Logout','192.168.1.157',1540516231,'Hanoi,Vietnam',NULL),('7330a386-7a62-4d16-8088-3f369fc4745c','4e7a0812-b013-4d37-b023-89e9ff6215be','27.72.89.106','Logout','192.168.1.157',1540195877,'Hanoi,Vietnam',NULL),('74cf7f85-4a4d-4ee1-aaa1-dc861c1bd368','da96ff38-1f7e-4175-989e-01462999c09d','192.168.1.138','Login','192.168.1.157',1541142435,'localhost',NULL),('7546ca9b-c38b-4288-ab66-7dc5054e1219','4e7a0812-b013-4d37-b023-89e9ff6215be','27.72.89.106','Login','192.168.1.157',1540986150,'Hanoi,Vietnam',NULL),('759381cd-e241-48ec-9bbf-438fd2a7812b','4e7a0812-b013-4d37-b023-89e9ff6215be','27.72.89.106','Login','192.168.1.157',1542182362,'Hanoi,Vietnam','Web'),('759ce30a-9bd7-48b4-8624-80e8cca3e749','eb41bc95-c617-436f-8298-38ca03ad2a49','27.72.89.106','Login','192.168.1.157',1540432882,'Hanoi,Vietnam',NULL),('75a35e36-87fc-452d-9b11-308c17a02277','4e7a0812-b013-4d37-b023-89e9ff6215be','27.72.89.106','Login','192.168.1.157',1541987667,'Hanoi,Vietnam','Web'),('75b0a0fa-5b1c-4ff8-b24f-6cdbbabc70d4','da96ff38-1f7e-4175-989e-01462999c09d','192.168.1.138','Logout','192.168.1.157',1542075720,'localhost','Web'),('7649d76d-3b71-4c3d-b326-b6a6ef5117ed','4e7a0812-b013-4d37-b023-89e9ff6215be','192.168.1.157','Login','192.168.1.157',1540516044,'localhost',NULL),('76bf929d-bd97-4de0-9921-4e05714c0364','274cbc29-ef86-484d-aa8d-d048da16f4b2','27.72.89.106','Login','192.168.1.157',1542020879,'Hanoi,Vietnam','Web'),('774c7440-bd56-472d-9eaf-361b2a2b1bbd','da96ff38-1f7e-4175-989e-01462999c09d','192.168.1.138','Login','192.168.1.157',1541498380,'localhost',NULL),('777706e0-c9dc-49b0-8c73-40c1fc2fe998','4e7a0812-b013-4d37-b023-89e9ff6215be','192.168.1.149','Login','192.168.1.157',1540797501,'localhost',NULL),('7870df19-89cb-4b48-a2d9-7c8871c0bed4','da96ff38-1f7e-4175-989e-01462999c09d','192.168.1.138','Logout','192.168.1.157',1541498088,'localhost',NULL),('78b2850c-3c1c-443c-8f0e-cd3277c1e7f4','4e7a0812-b013-4d37-b023-89e9ff6215be','192.168.1.157','Login','192.168.1.157',1541503532,'localhost',NULL),('795ebf76-1496-4717-8b28-747b36cc0a47','da96ff38-1f7e-4175-989e-01462999c09d','192.168.1.138','Logout','192.168.1.157',1541381459,'localhost',NULL),('79810b70-0422-4932-a84a-eeb929793304','da96ff38-1f7e-4175-989e-01462999c09d','192.168.1.138','Login','192.168.1.157',1541557750,'localhost',NULL),('799811c6-65ed-4820-94bb-a7f2c803fc87','4e7a0812-b013-4d37-b023-89e9ff6215be','27.72.89.106','Login','192.168.1.157',1542104052,'Hanoi,Vietnam','Web'),('7a542471-ad7c-41f0-a0fb-fed81a7ee667','4e7a0812-b013-4d37-b023-89e9ff6215be','27.72.89.106','Logout','192.168.1.157',1540978954,'Hanoi,Vietnam',NULL),('7a7393b7-5599-4517-8b63-294d6c0eea04','da96ff38-1f7e-4175-989e-01462999c09d','192.168.1.138','Logout','192.168.1.157',1541385198,'localhost',NULL),('7b19fd7e-fd30-462d-b7bd-fbd5fff4fbd7','4e7a0812-b013-4d37-b023-89e9ff6215be','192.168.1.157','Logout','192.168.1.157',1540896770,'localhost',NULL),('7b2ab94f-9e7d-4393-8d35-bb2e75fa0475','4e7a0812-b013-4d37-b023-89e9ff6215be','27.72.89.106','Login','192.168.1.157',1540538607,'Hanoi,Vietnam',NULL),('7bebebec-2087-4d63-86ea-10a10c2711e8','4e7a0812-b013-4d37-b023-89e9ff6215be','27.72.89.106','Login','192.168.1.157',1542185298,'Hanoi,Vietnam','Web'),('7c3a9fa1-264e-43b3-9793-8731c96f7e14','da96ff38-1f7e-4175-989e-01462999c09d','192.168.1.138','Logout','192.168.1.157',1541572513,'localhost',NULL),('7d08e65b-c2fa-4b99-9b56-ee46eb9fb704','da96ff38-1f7e-4175-989e-01462999c09d','192.168.1.138','Login','192.168.1.157',1541411887,'localhost',NULL),('7d7b4774-a5e9-45ed-9e27-f42fdc9cf580','4e7a0812-b013-4d37-b023-89e9ff6215be','27.72.89.106','Logout','192.168.1.157',1540888174,'Hanoi,Vietnam',NULL),('7e434815-3742-4434-b213-77a658b7f23b','4e7a0812-b013-4d37-b023-89e9ff6215be','27.72.89.106','Login','192.168.1.157',1542163902,'Hanoi,Vietnam','Web'),('7e5ee7de-16aa-4000-963f-d1d33562ba96','274cbc29-ef86-484d-aa8d-d048da16f4b2','192.168.1.138','Login','192.168.1.157',1542009643,'localhost','Web'),('805650b7-8f7d-4394-b3ca-8cfa8de34527','da96ff38-1f7e-4175-989e-01462999c09d','192.168.1.138','Logout','192.168.1.157',1541499808,'localhost',NULL),('810a2a70-eb04-4d57-b990-27b9239ddfdd','4e7a0812-b013-4d37-b023-89e9ff6215be','27.72.89.106','Login','192.168.1.157',1542157204,'Hanoi,Vietnam','Web'),('813502b8-4776-4df6-921a-49bd3e88947a','da96ff38-1f7e-4175-989e-01462999c09d','192.168.1.138','Logout','192.168.1.157',1542081927,'localhost','Web'),('8155fc1d-a442-42d0-95f1-57274bfc008e','4e7a0812-b013-4d37-b023-89e9ff6215be','192.168.1.149','Logout','192.168.1.157',1541067255,'localhost',NULL),('8173de34-0e31-4bd3-a148-97cff6312606','4e7a0812-b013-4d37-b023-89e9ff6215be','192.168.1.149','Login','192.168.1.157',1540784872,'localhost',NULL),('81f2a8cc-b332-4edc-ac98-b1ae495d84f4','4e7a0812-b013-4d37-b023-89e9ff6215be','27.72.89.106','Logout','192.168.1.157',1540177639,'Hanoi,Vietnam',NULL),('82320b1f-fcaf-47b0-b024-d1978d5a7b83','ed11e6f5-d90b-4cea-9ed0-e27c17aecedb','192.168.1.138','Logout','192.168.1.157',1540182769,'localhost',NULL),('8264396a-b171-404d-9065-f4a46549b77f','ad6866f2-673a-4545-9bdf-fa65731917fc','192.168.1.138','Login','192.168.1.157',1540190188,'localhost',NULL),('82bc23fe-47a6-49c1-aa2a-27a8cdf663bb','4e7a0812-b013-4d37-b023-89e9ff6215be','27.72.89.106','Login','192.168.1.157',1541996319,'Hanoi,Vietnam','Web'),('842a34c5-b0b9-4db1-96fa-019d6aa5b5de','8479506d-ad35-42de-9234-40328105877b','192.168.1.138','Logout','192.168.1.157',1540983258,'localhost',NULL),('8462003e-e6c2-4478-97ac-4bc281c99fae','e9b095a3-de83-4161-8f72-0fffb414b03e','192.168.1.157','Login','192.168.1.157',1541386171,'localhost',NULL),('84632dbe-e986-439e-9f8a-b34ec306e357','4e7a0812-b013-4d37-b023-89e9ff6215be','27.72.89.106','Login','192.168.1.157',1541123690,'Hanoi,Vietnam',NULL),('8477b66e-a72a-4470-be34-93b508405f42','da96ff38-1f7e-4175-989e-01462999c09d','27.72.89.106','Logout','192.168.1.157',1542079891,'Hanoi,Vietnam','Web'),('852c2bca-4c88-4301-9ed9-9c0c8637e887','4e7a0812-b013-4d37-b023-89e9ff6215be','192.168.1.157','Logout','192.168.1.157',1540450997,'localhost',NULL),('853b29fd-8127-4848-b32e-7118aab23b3d','da96ff38-1f7e-4175-989e-01462999c09d','192.168.1.138','Logout','192.168.1.157',1541498545,'localhost',NULL),('858e96ee-f601-49d6-8b75-ed19321d7da3','93dc2f9f-6009-447f-b298-fdefbd0e7227','27.72.89.106','Login','192.168.1.157',1540356424,'Hanoi,Vietnam',NULL),('860d5ba8-451d-49c4-a21c-77213b055565','c8e7709e-166b-492a-9244-f253dc4dbfad','192.168.1.138','Logout','192.168.1.157',1542009613,'localhost','Web'),('8634c5b7-98aa-4db3-856e-299ad3cf3cdc','4e7a0812-b013-4d37-b023-89e9ff6215be','27.72.89.106','Login','192.168.1.157',1541992093,'Hanoi,Vietnam','Web'),('86689ffb-516c-47a8-a5a4-62bf595fdb63','ad6866f2-673a-4545-9bdf-fa65731917fc','192.168.1.138','Login','192.168.1.157',1540536918,'localhost',NULL),('871c18e0-a1be-4e7b-b4d1-4a99795ace83','c8e7709e-166b-492a-9244-f253dc4dbfad','192.168.1.138','Logout','192.168.1.157',1542073501,'localhost','Web'),('873ee6cd-4fb1-426a-93f4-85193ad27915','da96ff38-1f7e-4175-989e-01462999c09d','192.168.1.138','Logout','192.168.1.157',1542080281,'localhost','Web'),('8748b3d1-a74e-49c3-8a40-2590a0bc1f35','e9b095a3-de83-4161-8f72-0fffb414b03e','27.72.89.106','Login','192.168.1.157',1541491490,'Hanoi,Vietnam',NULL),('8787bd83-51ee-45eb-8754-f9d100d024eb','eb41bc95-c617-436f-8298-38ca03ad2a49','27.72.89.106','Logout','192.168.1.157',1540517593,'Hanoi,Vietnam',NULL),('88273277-846e-4eee-a7f1-9c7c2f539fb0','da96ff38-1f7e-4175-989e-01462999c09d','192.168.1.138','Login','192.168.1.157',1541499222,'localhost',NULL),('8850affd-c12a-441b-9b1e-39be420a2cd8','da96ff38-1f7e-4175-989e-01462999c09d','192.168.1.138','Login','192.168.1.157',1541474101,'localhost',NULL),('89143a93-ff09-4524-988b-024fdcbb0942','4e7a0812-b013-4d37-b023-89e9ff6215be','192.168.1.239','Login','192.168.1.157',1540795966,'localhost',NULL),('89c2dd66-86a3-4ded-ae74-9471e35ba2fd','4e7a0812-b013-4d37-b023-89e9ff6215be','192.168.1.80','Login','192.168.1.157',1540370643,'localhost',NULL),('8a1895cb-d176-4b92-8548-65dd9b326c4e','4e7a0812-b013-4d37-b023-89e9ff6215be','27.72.89.106','Login','192.168.1.157',1541391610,'Hanoi,Vietnam',NULL),('8b34bb05-e559-44e0-86d5-4c8487a4cab9','acd1e1e7-e2e2-4853-8dfd-c0f07c2426e2','192.168.1.138','Login','192.168.1.157',1541990734,'localhost','Web'),('8bdf7b6a-3654-4862-8ddc-f91a7e9f3a00','4e7a0812-b013-4d37-b023-89e9ff6215be','27.72.89.106','Logout','192.168.1.157',1541391595,'Hanoi,Vietnam',NULL),('8c31065d-7217-41b2-87c8-5a85fafaec27','da96ff38-1f7e-4175-989e-01462999c09d','192.168.1.138','Logout','192.168.1.157',1541065893,'localhost',NULL),('8d4452fd-2d4c-448a-b7ad-9a6e5c96c626','c8e7709e-166b-492a-9244-f253dc4dbfad','192.168.1.138','Login','192.168.1.157',1542012014,'localhost','Web'),('8d601858-fc07-4f41-8e2d-da510befc868','4e7a0812-b013-4d37-b023-89e9ff6215be','27.72.89.106','Login','192.168.1.157',1540978669,'Hanoi,Vietnam',NULL),('8db99d1c-f469-493c-ae91-67c968df7fce','da96ff38-1f7e-4175-989e-01462999c09d','192.168.1.138','Login','192.168.1.157',1541153139,'localhost',NULL),('8dc2956b-937b-4ac9-8441-35b579c40a60','4e7a0812-b013-4d37-b023-89e9ff6215be','27.72.89.106','Logout','192.168.1.157',1540986473,'Hanoi,Vietnam',NULL),('8df08bcf-c127-499d-b9a3-05f48c04c317','4e7a0812-b013-4d37-b023-89e9ff6215be','27.72.89.106','Logout','192.168.1.157',1540897436,'Hanoi,Vietnam',NULL),('8e00a9f7-e5c9-4969-b3d6-de0b176184d4','eb41bc95-c617-436f-8298-38ca03ad2a49','27.72.89.106','Login','192.168.1.157',1540432756,'Hanoi,Vietnam',NULL),('8e2514ee-11cd-4b8a-8906-d9c277421140','4e7a0812-b013-4d37-b023-89e9ff6215be','27.72.89.106','Logout','192.168.1.157',1542068749,'Hanoi,Vietnam','Web'),('8e50e0fc-8f3e-4303-a9ce-d3281709f101','4e7a0812-b013-4d37-b023-89e9ff6215be','27.72.89.106','Logout','192.168.1.157',1540545271,'Hanoi,Vietnam',NULL),('8e6fc6e3-669d-4bdc-8b5c-4e428acff0a2','4e7a0812-b013-4d37-b023-89e9ff6215be','192.168.1.157','Login','192.168.1.157',1540895775,'localhost',NULL),('8ed75bf5-3ba7-4b7b-b8d4-2fdfcf5d2fdb','4e7a0812-b013-4d37-b023-89e9ff6215be','27.72.89.106','Logout','192.168.1.157',1540987129,'Hanoi,Vietnam',NULL),('8f354420-2fb6-414f-8bc6-4d278fe20640','4e7a0812-b013-4d37-b023-89e9ff6215be','192.168.1.239','Logout','192.168.1.157',1540804862,'localhost',NULL),('8f516520-4905-4c53-8c28-10d38cefbae9','da96ff38-1f7e-4175-989e-01462999c09d','192.168.1.138','Logout','192.168.1.157',1541057908,'localhost',NULL),('8f8b06db-83c0-4c41-b859-03bec373d78e','4e7a0812-b013-4d37-b023-89e9ff6215be','27.72.89.106','Logout','192.168.1.157',1541997084,'Hanoi,Vietnam','Web'),('8fbf7137-c243-4f44-b345-dab0dd8c41bd','4e7a0812-b013-4d37-b023-89e9ff6215be','192.168.1.171','Logout','192.168.1.157',1540625964,'localhost',NULL),('905638ce-ecbd-4a87-a9ba-fe2f5ac8aceb','da96ff38-1f7e-4175-989e-01462999c09d','192.168.1.138','Login','192.168.1.157',1541154043,'localhost',NULL),('90704ec5-569a-43e4-b70a-5db1f58cfbf3','da96ff38-1f7e-4175-989e-01462999c09d','192.168.1.138','Login','192.168.1.157',1541065987,'localhost',NULL),('90a01e69-fbec-4267-bb45-f47a48083ed6','da96ff38-1f7e-4175-989e-01462999c09d','192.168.1.138','Login','192.168.1.157',1541562337,'localhost',NULL),('915aa574-62e9-4065-b24e-a296ff5c73b9','1b24bff6-d32c-4ec5-aff4-0741228fb2ba','27.72.89.106','Login','192.168.1.157',1540347815,'Hanoi,Vietnam',NULL),('91e840b8-f651-4499-a4c4-9c8163c17b13','da96ff38-1f7e-4175-989e-01462999c09d','27.72.89.106','Logout','192.168.1.157',1540795569,'Hanoi,Vietnam',NULL),('92bae601-3d7b-4b87-8c47-26a23f1b7c19','4e7a0812-b013-4d37-b023-89e9ff6215be','192.168.1.157','Login','192.168.1.157',1540896380,'localhost',NULL),('93179efe-f4d3-4c12-8208-df74270500ab','4e7a0812-b013-4d37-b023-89e9ff6215be','192.168.1.157','Login','192.168.1.157',1540896568,'localhost',NULL),('93283226-fdd9-4e78-a96d-1c94f06db0c5','4e7a0812-b013-4d37-b023-89e9ff6215be','27.72.89.106','Logout','192.168.1.157',1541996401,'Hanoi,Vietnam','Web'),('9335bded-c753-48f0-b46c-2d8c7b495e0e','da96ff38-1f7e-4175-989e-01462999c09d','27.72.89.106','Login','192.168.1.157',1541470569,'Hanoi,Vietnam',NULL),('93780d12-d098-40e9-929f-9c3ef2be1ac9','4fe7eaf9-593e-43a9-a552-02978a78cb6b','192.168.1.138','Logout','192.168.1.157',1541141246,'localhost',NULL),('93ee700a-deca-4785-9a78-0bbbfbbecec3','da96ff38-1f7e-4175-989e-01462999c09d','27.72.89.106','Logout','192.168.1.157',1541558215,'Hanoi,Vietnam',NULL),('942613fd-389a-4b7a-b629-25a9464918bd','4e7a0812-b013-4d37-b023-89e9ff6215be','192.168.1.80','Login','192.168.1.157',1540366851,'localhost',NULL),('949af51c-7b7b-4801-8249-46a294160b68','da96ff38-1f7e-4175-989e-01462999c09d','192.168.1.138','Login','192.168.1.157',1542080424,'localhost','Web'),('954f394e-6e95-4034-aae1-0fd6728475a9','e9b095a3-de83-4161-8f72-0fffb414b03e','192.168.1.138','Login','192.168.1.157',1541058160,'localhost',NULL),('95d56f08-2ec7-4318-8917-e3e3682c493a','4e7a0812-b013-4d37-b023-89e9ff6215be','192.168.1.157','Logout','192.168.1.157',1540895489,'localhost',NULL),('9610a2ed-8e25-4b19-ba3f-fda5ad6fd862','4e7a0812-b013-4d37-b023-89e9ff6215be','192.168.1.157','Logout','192.168.1.157',1540896487,'localhost',NULL),('9612c855-399b-416d-a565-aa91b94643ca','4b9609e7-a03d-4a90-b1ca-93e23c44c667','192.168.1.186','Login','192.168.1.157',1540785774,'localhost',NULL),('96cdf81c-d990-4c25-96f0-4b81650c30cd','4e7a0812-b013-4d37-b023-89e9ff6215be','27.72.89.106','Login','192.168.1.157',1540546521,'Hanoi,Vietnam',NULL),('970ae212-fd58-45db-9a61-e37b023ba0f5','ad6866f2-673a-4545-9bdf-fa65731917fc','192.168.1.138','Logout','192.168.1.157',1540181095,'localhost',NULL),('97d4ec86-2d5a-4d74-992e-0ce029a67d80','da96ff38-1f7e-4175-989e-01462999c09d','27.72.89.106','Logout','192.168.1.157',1540795096,'Hanoi,Vietnam',NULL),('98125c7e-98f5-471f-b541-20ef1c78f0d7','ad6866f2-673a-4545-9bdf-fa65731917fc','192.168.1.138','Logout','192.168.1.157',1540190985,'localhost',NULL),('98726d36-ab46-4364-98d1-8d3aa4b8718e','da96ff38-1f7e-4175-989e-01462999c09d','192.168.1.138','Logout','192.168.1.157',1541562419,'localhost',NULL),('993a02a1-1661-43b5-8e69-91b7516c9f7a','4fe7eaf9-593e-43a9-a552-02978a78cb6b','192.168.1.138','Login','192.168.1.157',1541156013,'localhost',NULL),('99920c85-7c14-450b-ae12-6bbe413cbaa2','c8e7709e-166b-492a-9244-f253dc4dbfad','192.168.1.138','Login','192.168.1.157',1542073575,'localhost','Web'),('99fe1ff0-bec0-45fa-ac45-6ed512e2d19c','da96ff38-1f7e-4175-989e-01462999c09d','27.72.89.106','Logout','192.168.1.157',1540974927,'Hanoi,Vietnam',NULL),('9a4031d3-859d-42c1-b721-7454c5750fe2','4e7a0812-b013-4d37-b023-89e9ff6215be','27.72.89.106','Login','192.168.1.157',1541997070,'Hanoi,Vietnam','Web'),('9a78f472-7f58-4a35-b104-fccf5d04baf4','ad6866f2-673a-4545-9bdf-fa65731917fc','27.72.89.106','Login','192.168.1.157',1540550308,'Hanoi,Vietnam',NULL),('9a895221-2bea-4fa9-aca2-29254948a965','4e7a0812-b013-4d37-b023-89e9ff6215be','27.72.89.106','Logout','192.168.1.157',1540986093,'Hanoi,Vietnam',NULL),('9b27e749-76b8-4a6f-ad3c-5d03fed2d21c','da96ff38-1f7e-4175-989e-01462999c09d','192.168.1.138','Logout','192.168.1.157',1542080395,'localhost','Web'),('9b7d720d-3b28-4dbd-b43f-31f3ac600ec9','4e7a0812-b013-4d37-b023-89e9ff6215be','27.72.89.106','Login','192.168.1.157',1540986298,'Hanoi,Vietnam',NULL),('9befa5c8-d871-4e60-a01e-94f651dd29d7','e9b095a3-de83-4161-8f72-0fffb414b03e','27.72.89.106','Login','192.168.1.157',1541488589,'Hanoi,Vietnam',NULL),('9c5ff7c6-3bce-47a7-95a2-b4b35fa8470e','da96ff38-1f7e-4175-989e-01462999c09d','192.168.1.138','Logout','192.168.1.157',1541143874,'localhost',NULL),('9e394735-083d-4aad-888f-ade5e272ee24','da96ff38-1f7e-4175-989e-01462999c09d','27.72.89.106','Login','192.168.1.157',1541558266,'Hanoi,Vietnam',NULL),('9ee07350-4145-4de9-bef8-10e337861c06','ad6866f2-673a-4545-9bdf-fa65731917fc','27.72.89.106','Login','192.168.1.157',1540550397,'Hanoi,Vietnam',NULL),('9f42d616-18c4-4ad7-8cd6-f76c275820f8','4e7a0812-b013-4d37-b023-89e9ff6215be','192.168.1.157','Logout','192.168.1.157',1541727449,'localhost',NULL),('9fb93a53-b401-4139-b651-92a9cb24c6b0','274cbc29-ef86-484d-aa8d-d048da16f4b2','192.168.1.138','Login','192.168.1.157',1542008310,'localhost','Web'),('9ffc9b35-c9c7-45ac-8928-fdd1135beb75','4e7a0812-b013-4d37-b023-89e9ff6215be','27.72.89.106','Login','192.168.1.157',1541996533,'Hanoi,Vietnam','Web'),('a0076a43-c422-41a1-97bc-3787ac462376','4e7a0812-b013-4d37-b023-89e9ff6215be','192.168.1.80','Login','192.168.1.157',1540548587,'localhost',NULL),('a0333ab0-4097-47a5-858c-c0bece5db91f','4e7a0812-b013-4d37-b023-89e9ff6215be','27.72.89.106','Login','192.168.1.157',1541498330,'Hanoi,Vietnam',NULL),('a0bd32c4-19f5-4ee6-8820-9d2fc057dd73','c8e7709e-166b-492a-9244-f253dc4dbfad','192.168.1.138','Login','192.168.1.157',1541757529,'localhost','Web'),('a109e0ce-fda3-4a35-92ce-84d6375a08f8','da96ff38-1f7e-4175-989e-01462999c09d','192.168.1.138','Logout','192.168.1.157',1540635342,'localhost',NULL),('a1a508e7-8616-46d0-b8b8-fb85995e0e75','274cbc29-ef86-484d-aa8d-d048da16f4b2','27.72.89.106','Logout','192.168.1.157',1542013029,'Hanoi,Vietnam','Web'),('a1a58c39-4259-422c-8a85-fc22b72e03ac','e9b095a3-de83-4161-8f72-0fffb414b03e','27.72.89.106','Login','192.168.1.157',1541059598,'Hanoi,Vietnam',NULL),('a2363d5e-e71f-4b1f-b897-e4f22d3023bc','4e7a0812-b013-4d37-b023-89e9ff6215be','192.168.1.171','Login','192.168.1.157',1540626082,'localhost',NULL),('a3124ef8-732c-4c2a-a5b6-26825c09982c','4e7a0812-b013-4d37-b023-89e9ff6215be','27.72.89.106','Login','192.168.1.157',1540978471,'Hanoi,Vietnam',NULL),('a378a1c6-df71-4228-a0bf-b103b4db4edb','4fe7eaf9-593e-43a9-a552-02978a78cb6b','192.168.1.138','Logout','192.168.1.157',1541132717,'localhost',NULL),('a40d21de-d69d-4928-9f49-a182f39611e0','4e7a0812-b013-4d37-b023-89e9ff6215be','192.168.1.239','Login','192.168.1.157',1540891091,'localhost',NULL),('a4ebd92e-e975-44a1-9686-1b92e5cc0ca9','274cbc29-ef86-484d-aa8d-d048da16f4b2','192.168.1.138','Login','192.168.1.157',1542020547,'localhost','Web'),('a4ed7d2a-c662-437e-a198-ff06bec37fc0','4e7a0812-b013-4d37-b023-89e9ff6215be','192.168.1.157','Login','192.168.1.157',1541495580,'localhost',NULL),('a50110f3-a9e0-4861-b4ed-41da7281c344','4e7a0812-b013-4d37-b023-89e9ff6215be','27.72.89.106','Login','192.168.1.157',1540197342,'Hanoi,Vietnam',NULL),('a63ef5c1-45b6-4a84-907e-c2eaf2c3082e','4e7a0812-b013-4d37-b023-89e9ff6215be','27.72.89.106','Logout','192.168.1.157',1542102999,'Hanoi,Vietnam','Web'),('a687ce27-235c-4dc0-86be-53ae4823a2e1','0f986d91-e98c-4e1a-a33f-b389f0108dcd','27.72.89.106','Login','192.168.1.157',1540522627,'Hanoi,Vietnam',NULL),('a6abe16e-45db-4640-a50e-0ba57996f13b','4e7a0812-b013-4d37-b023-89e9ff6215be','192.168.1.80','Login','192.168.1.157',1540610027,'localhost',NULL),('a712c0f8-4cc8-4102-a024-ff9ed31783d4','4e7a0812-b013-4d37-b023-89e9ff6215be','192.168.1.157','Login','192.168.1.157',1540195613,'localhost',NULL),('a80835da-0ce4-4202-bebe-e21a36284ff5','c8e7709e-166b-492a-9244-f253dc4dbfad','192.168.1.138','Login','192.168.1.157',1541757039,'localhost','Web'),('a8b15f46-02f6-4ca5-b973-d3b62ea58db4','4e7a0812-b013-4d37-b023-89e9ff6215be','27.72.89.106','Logout','192.168.1.157',1540897576,'Hanoi,Vietnam',NULL),('a94e0278-cd85-44c5-9611-f1a255238ca5','4e7a0812-b013-4d37-b023-89e9ff6215be','192.168.1.80','Login','192.168.1.157',1540287685,'localhost',NULL),('aaed9d97-c447-4b72-af77-2bd8f3dbe23b','da96ff38-1f7e-4175-989e-01462999c09d','192.168.1.138','Logout','192.168.1.157',1542080442,'localhost','Web'),('aaf654ae-6b92-4686-b0be-bdbae0e61fb9','da96ff38-1f7e-4175-989e-01462999c09d','27.72.89.106','Login','192.168.1.157',1541469277,'Hanoi,Vietnam',NULL),('ab7747a6-51b2-4070-9489-6d8c92bccc53','4e7a0812-b013-4d37-b023-89e9ff6215be','27.72.89.106','Login','192.168.1.157',1540987087,'Hanoi,Vietnam',NULL),('ab8329a5-d6e8-437d-b545-b2cccdcf06ad','da96ff38-1f7e-4175-989e-01462999c09d','192.168.1.138','Login','192.168.1.157',1541499981,'localhost',NULL),('ab9f6c0e-1f49-4289-aa44-e5cb93a31435','da96ff38-1f7e-4175-989e-01462999c09d','192.168.1.138','Login','192.168.1.157',1542076751,'localhost','Web'),('abe8d526-3de1-4eb3-b6dc-7c7f8c9685fc','da96ff38-1f7e-4175-989e-01462999c09d','192.168.1.138','Login','192.168.1.157',1541565098,'localhost',NULL),('ad6ba3a9-60f7-4988-ba8c-d3adfecbccca','4e7a0812-b013-4d37-b023-89e9ff6215be','27.72.89.106','Login','192.168.1.157',1541390714,'Hanoi,Vietnam',NULL),('ad6d41f9-1cbd-45d5-a4ec-ddcf36a2906c','ad6866f2-673a-4545-9bdf-fa65731917fc','27.72.89.106','Login','192.168.1.157',1540547564,'Hanoi,Vietnam',NULL),('ae3e9740-8e36-46e0-91ab-ff6706c7ed84','da96ff38-1f7e-4175-989e-01462999c09d','192.168.1.138','Login','192.168.1.157',1541387769,'localhost',NULL),('ae9827ea-1e5f-4837-9d6a-0d38fbe6d79d','4e7a0812-b013-4d37-b023-89e9ff6215be','27.72.89.106','Login','192.168.1.157',1541467139,'Hanoi,Vietnam',NULL),('af66dea3-7b91-407c-a6d9-69da53337aa5','da96ff38-1f7e-4175-989e-01462999c09d','192.168.1.138','Login','192.168.1.157',1541381235,'localhost',NULL),('af7aad82-9060-4683-9df2-0841c145aee0','acd1e1e7-e2e2-4853-8dfd-c0f07c2426e2','27.72.89.106','Login','192.168.1.157',1541993570,'Hanoi,Vietnam','Web'),('af99049f-66b9-4445-9228-6dfaf5ed0982','4e7a0812-b013-4d37-b023-89e9ff6215be','192.168.1.157','Login','192.168.1.157',1540198759,'localhost',NULL),('afcbbe09-9a4f-417b-bb36-20596a81dfa7','af794ace-df1e-44e2-a670-591ec998bb0b','171.253.34.11','Login','192.168.1.157',1540545983,'Thuan An,Vietnam',NULL),('b0635a24-24df-441a-b8ef-417c423d2d89','4e7a0812-b013-4d37-b023-89e9ff6215be','27.72.89.106','Login','192.168.1.157',1542160318,'Hanoi,Vietnam','Web'),('b076a609-ad96-4f41-8c58-ab6227af6851','4fe7eaf9-593e-43a9-a552-02978a78cb6b','192.168.1.138','Login','192.168.1.157',1541155904,'localhost',NULL),('b07dbfc0-9cc4-43d9-b45e-64937188fcd5','4e7a0812-b013-4d37-b023-89e9ff6215be','192.168.1.157','Logout','192.168.1.157',1541386152,'localhost',NULL),('b0f0079f-6b7e-4e01-9bd7-6c5197ff7a1d','4907e29a-9857-497b-94ad-2d3f371f19f9','27.72.89.106','Login','192.168.1.157',1540555537,'Hanoi,Vietnam',NULL),('b1071f94-2641-474a-97f0-e626491ce094','4e7a0812-b013-4d37-b023-89e9ff6215be','27.72.89.106','Login','192.168.1.157',1540651179,'Hanoi,Vietnam',NULL),('b10904ba-fda7-4676-80cc-8ede9dde4643','4e7a0812-b013-4d37-b023-89e9ff6215be','27.72.89.106','Logout','192.168.1.157',1540986312,'Hanoi,Vietnam',NULL),('b1cb7284-1c6c-4e81-b5bf-0a6b3b287364','8479506d-ad35-42de-9234-40328105877b','27.72.89.106','Login','192.168.1.157',1540975554,'Hanoi,Vietnam',NULL),('b2012895-d900-4f2e-b909-63259de73c84','4e7a0812-b013-4d37-b023-89e9ff6215be','192.168.1.157','Logout','192.168.1.157',1540896605,'localhost',NULL),('b3b417b8-87fa-4233-b406-6eb0758c514f','4e7a0812-b013-4d37-b023-89e9ff6215be','27.72.89.106','Login','192.168.1.157',1540898184,'Hanoi,Vietnam',NULL),('b3d6f752-f4a4-4fb6-8170-f6d970b9c606','da96ff38-1f7e-4175-989e-01462999c09d','27.72.89.106','Login','192.168.1.157',1541558118,'Hanoi,Vietnam',NULL),('b4049ea4-35d2-46e2-b760-908c709f98db','c8e7709e-166b-492a-9244-f253dc4dbfad','27.72.89.106','Login','192.168.1.157',1541995435,'Hanoi,Vietnam','Web'),('b43eadc3-70ec-4be8-a03e-bb579acf2071','da96ff38-1f7e-4175-989e-01462999c09d','192.168.1.138','Logout','192.168.1.157',1541385081,'localhost',NULL),('b443414c-9e17-479b-83db-0424700fa65d','ad6866f2-673a-4545-9bdf-fa65731917fc','27.72.89.106','Logout','192.168.1.157',1540547574,'Hanoi,Vietnam',NULL),('b494ab8e-145b-4c06-a533-f4c0de23be30','ad6866f2-673a-4545-9bdf-fa65731917fc','192.168.1.138','Login','192.168.1.157',1540347869,'localhost',NULL),('b5c03333-c8e3-4d8a-847b-f3b96cda965b','4e7a0812-b013-4d37-b023-89e9ff6215be','192.168.1.80','Logout','192.168.1.157',1540370616,'localhost',NULL),('b6833229-54a3-4664-8f73-904f5cbf3e1d','da96ff38-1f7e-4175-989e-01462999c09d','192.168.1.138','Logout','192.168.1.157',1541142446,'localhost',NULL),('b70b4126-e3d6-4b8c-a7cd-b28530effc18','4fe7eaf9-593e-43a9-a552-02978a78cb6b','27.72.89.106','Logout','192.168.1.157',1541132523,'Hanoi,Vietnam',NULL),('b71dab76-765e-459d-a57c-146407320706','4e7a0812-b013-4d37-b023-89e9ff6215be','27.72.89.106','Login','192.168.1.157',1540973846,'Hanoi,Vietnam',NULL),('b732856a-4391-4bc2-b460-138852c6689e','4e7a0812-b013-4d37-b023-89e9ff6215be','27.72.89.106','Login','192.168.1.157',1540986074,'Hanoi,Vietnam',NULL),('b79dce47-29f6-456d-9cef-ffabd79b9ee2','0f986d91-e98c-4e1a-a33f-b389f0108dcd','27.72.89.106','Login','192.168.1.157',1541384720,'Hanoi,Vietnam',NULL),('b8706ef1-37d7-4eb3-8970-9048b944856d','da96ff38-1f7e-4175-989e-01462999c09d','27.72.89.106','Login','192.168.1.157',1540978021,'Hanoi,Vietnam',NULL),('b8934c9b-4fb7-4dd9-80f1-bdb3ca3062e4','4e7a0812-b013-4d37-b023-89e9ff6215be','27.72.89.106','Login','192.168.1.157',1540980218,'Hanoi,Vietnam',NULL),('b8e7ae4c-0a6d-4e6b-9166-95ed6be5955a','da96ff38-1f7e-4175-989e-01462999c09d','27.72.89.106','Logout','192.168.1.157',1541558148,'Hanoi,Vietnam',NULL),('b927e296-74f2-4d62-be06-1ec2f79e84cc','da96ff38-1f7e-4175-989e-01462999c09d','192.168.1.138','Logout','192.168.1.157',1541499286,'localhost',NULL),('b9ca0365-1bee-472f-a0ae-ca77fe154dce','c8e7709e-166b-492a-9244-f253dc4dbfad','27.72.89.106','Login','192.168.1.157',1542079919,'Hanoi,Vietnam','Web'),('ba7193ab-1ef5-423d-be9a-b69df7c4ccb3','da96ff38-1f7e-4175-989e-01462999c09d','192.168.1.138','Login','192.168.1.157',1541385035,'localhost',NULL),('baa7e19b-a4c5-4dc7-89cb-ec486e814ea0','4e7a0812-b013-4d37-b023-89e9ff6215be','27.72.89.106','Login','192.168.1.157',1540192479,'Hanoi,Vietnam',NULL),('bb63b0cd-214c-4961-8989-cfdd1e3cc345','da96ff38-1f7e-4175-989e-01462999c09d','192.168.1.138','Login','192.168.1.157',1541385736,'localhost',NULL),('bc1fd2f0-54b4-4329-bbbf-cb4fa8c7902f','da96ff38-1f7e-4175-989e-01462999c09d','192.168.1.138','Login','192.168.1.157',1541487524,'localhost',NULL),('bc586f91-e9bb-4da1-8029-6aa67b68b889','da96ff38-1f7e-4175-989e-01462999c09d','192.168.1.138','Logout','192.168.1.157',1541500368,'localhost',NULL),('bc7017c6-cdc5-4c25-887b-db1271480c84','e9b095a3-de83-4161-8f72-0fffb414b03e','27.72.89.106','Login','192.168.1.157',1541491526,'Hanoi,Vietnam',NULL),('bd643784-c3d4-4f49-8ea5-2ca4752f19d0','eb41bc95-c617-436f-8298-38ca03ad2a49','27.72.89.106','Login','192.168.1.157',1540374865,'Hanoi,Vietnam',NULL),('bd67aa61-564d-44eb-a654-bc86d5b27cbc','4e7a0812-b013-4d37-b023-89e9ff6215be','27.72.89.106','Logout','192.168.1.157',1540433340,'Hanoi,Vietnam',NULL),('bf057161-5e9f-421a-9a87-ff1bed9c1ad0','4e7a0812-b013-4d37-b023-89e9ff6215be','27.72.89.106','Login','192.168.1.157',1541736654,'Hanoi,Vietnam','Web'),('c0cff4e8-f576-483c-ac2f-6354f8ab3d2f','8479506d-ad35-42de-9234-40328105877b','27.72.89.106','Login','192.168.1.157',1540974849,'Hanoi,Vietnam',NULL),('c13ac427-7e56-43c2-a270-f1490ea39a10','4e7a0812-b013-4d37-b023-89e9ff6215be','27.72.89.106','Login','192.168.1.157',1540195891,'Hanoi,Vietnam',NULL),('c1889ae7-dcee-4f86-bfbd-c46a1ed6c238','4e7a0812-b013-4d37-b023-89e9ff6215be','27.72.89.106','Logout','192.168.1.157',1540973834,'Hanoi,Vietnam',NULL),('c246de7c-30dd-4ffe-a2d8-5281792ab4e6','4e7a0812-b013-4d37-b023-89e9ff6215be','27.72.89.106','Logout','192.168.1.157',1540985999,'Hanoi,Vietnam',NULL),('c25f1cfd-45b2-4c30-90f8-9153b0a15702','4e7a0812-b013-4d37-b023-89e9ff6215be','27.72.89.106','Login','192.168.1.157',1540177648,'Hanoi,Vietnam',NULL),('c28e339e-8353-4909-b252-49bde3187b3d','42c5fc99-dc79-494c-9e6c-6f2bb46deb00','27.72.89.106','Login','192.168.1.157',1540516471,'Hanoi,Vietnam',NULL),('c2f7e7a6-7a9d-4a0e-ba7b-6ec31ac14b1b','4e7a0812-b013-4d37-b023-89e9ff6215be','27.72.89.106','Login','192.168.1.157',1541467058,'Hanoi,Vietnam',NULL),('c368f41e-60aa-4744-8896-5ab84bbf8fed','0f986d91-e98c-4e1a-a33f-b389f0108dcd','27.72.89.106','Logout','192.168.1.157',1540953751,'Hanoi,Vietnam',NULL),('c377f8dc-8c68-4eec-93ad-ac9b1e03ebd4','0f986d91-e98c-4e1a-a33f-b389f0108dcd','27.72.89.106','Logout','192.168.1.157',1540544622,'Hanoi,Vietnam',NULL),('c4526cc0-ddee-45d9-8fd2-d84ee8a99bd6','da96ff38-1f7e-4175-989e-01462999c09d','192.168.1.138','Logout','192.168.1.157',1541062999,'localhost',NULL),('c460f1c4-dc32-4732-9850-52c10e34de5a','c8e7709e-166b-492a-9244-f253dc4dbfad','192.168.1.138','Login','192.168.1.157',1542020066,'localhost','Web'),('c49385cb-ff42-465a-bfd4-e4b13946d424','da96ff38-1f7e-4175-989e-01462999c09d','192.168.1.138','Login','192.168.1.157',1541125372,'localhost',NULL),('c556f253-3395-46da-81b9-598c94c964ae','4e7a0812-b013-4d37-b023-89e9ff6215be','192.168.1.149','Login','192.168.1.157',1540797583,'localhost',NULL),('c55be6e1-a5be-41a1-b3ec-5ee72926dd0d','da96ff38-1f7e-4175-989e-01462999c09d','192.168.1.138','Login','192.168.1.157',1541562405,'localhost',NULL),('c671ce66-be81-4726-af16-6fcf237b6ade','4e7a0812-b013-4d37-b023-89e9ff6215be','192.168.1.157','Logout','192.168.1.157',1540195264,'localhost',NULL),('c6bac3c3-690c-4df9-9817-f81c0e96b27a','ad6866f2-673a-4545-9bdf-fa65731917fc','27.72.89.106','Login','192.168.1.157',1540430543,'Hanoi,Vietnam',NULL),('c6d27be2-8188-42cf-b9c8-d16bc24363ac','c8e7709e-166b-492a-9244-f253dc4dbfad','27.72.89.106','Logout','192.168.1.157',1542013091,'Hanoi,Vietnam','Web'),('c7ce194f-5db4-482e-8aca-defc928605f0','da96ff38-1f7e-4175-989e-01462999c09d','192.168.1.138','Login','192.168.1.157',1541141698,'localhost',NULL),('c869fc76-fd37-45d0-8030-b5644a0769d5','4e7a0812-b013-4d37-b023-89e9ff6215be','192.168.1.157','Logout','192.168.1.157',1540895796,'localhost',NULL),('c8a5d6be-909f-4366-be52-cfedf8b28c6c','4e7a0812-b013-4d37-b023-89e9ff6215be','27.72.89.106','Login','192.168.1.157',1541489070,'Hanoi,Vietnam',NULL),('c90863e7-56ef-46f7-9aa5-1c6ddebdb8fa','4e7a0812-b013-4d37-b023-89e9ff6215be','27.72.89.106','Login','192.168.1.157',1540195869,'Hanoi,Vietnam',NULL),('c90cda25-60cd-4013-85cf-12cd46778559','4e7a0812-b013-4d37-b023-89e9ff6215be','27.72.89.106','Login','192.168.1.157',1542160235,'Hanoi,Vietnam','Web'),('c9636ef5-ac76-497a-9138-31ff1d6b653a','da96ff38-1f7e-4175-989e-01462999c09d','192.168.1.138','Logout','192.168.1.157',1541143981,'localhost',NULL),('caa1ec95-f682-4664-b9dc-327f3329eb10','4e7a0812-b013-4d37-b023-89e9ff6215be','27.72.89.106','Logout','192.168.1.157',1542104021,'Hanoi,Vietnam','Web'),('cb92bb6c-eeba-4e93-8cf1-eb86a7f847b6','4e7a0812-b013-4d37-b023-89e9ff6215be','27.72.89.106','Login','192.168.1.157',1542160553,'Hanoi,Vietnam','Web'),('cc1f1aa7-4773-4f70-a402-4fd4a9e235f9','4e7a0812-b013-4d37-b023-89e9ff6215be','192.168.1.157','Login','192.168.1.157',1541579652,'localhost',NULL),('cd801ca3-5fd2-496a-948d-7364959d9f08','4e7a0812-b013-4d37-b023-89e9ff6215be','192.168.1.171','Login','192.168.1.157',1540626462,'localhost',NULL),('cdcba420-8ceb-4a1a-b3b1-ac460648b180','3bbb7656-6e27-454d-b205-3dd9b6515ca2','192.168.1.138','Login','192.168.1.157',1540553478,'localhost',NULL),('cdd632ea-18bf-4a29-8d82-15ecbfc194e0','274cbc29-ef86-484d-aa8d-d048da16f4b2','192.168.1.138','Logout','192.168.1.157',1542009170,'localhost','Web'),('ce35de9e-1df7-43a7-af8b-38de1e580d7e','af794ace-df1e-44e2-a670-591ec998bb0b','171.253.34.11','Login','192.168.1.157',1540550448,'Thuan An,Vietnam',NULL),('ce389c35-6061-4d14-97bf-2e75746eb503','da96ff38-1f7e-4175-989e-01462999c09d','192.168.1.138','Login','192.168.1.157',1540958919,'localhost',NULL),('ce4faedb-c97d-4ef0-8b7c-407d4c1306ca','4e7a0812-b013-4d37-b023-89e9ff6215be','192.168.1.80','Login','192.168.1.157',1540378391,'localhost',NULL),('ced0ef4d-0ebf-49aa-98c6-71129674b5ad','4fe7eaf9-593e-43a9-a552-02978a78cb6b','27.72.89.106','Login','192.168.1.157',1541132502,'Hanoi,Vietnam',NULL),('cfe8d26a-d591-477f-86cd-f4e38c7f9421','4e7a0812-b013-4d37-b023-89e9ff6215be','27.72.89.106','Logout','192.168.1.157',1540555435,'Hanoi,Vietnam',NULL),('d02525c8-8da4-4fc2-ba0e-31f8d9223838','0f986d91-e98c-4e1a-a33f-b389f0108dcd','27.72.89.106','Login','192.168.1.157',1540953718,'Hanoi,Vietnam',NULL),('d23d5aa7-9c81-4837-a54b-1a61890906c8','da96ff38-1f7e-4175-989e-01462999c09d','27.72.89.106','Login','192.168.1.157',1541145836,'Hanoi,Vietnam',NULL),('d2a0382f-f322-49de-a5e9-fb4d8137f693','da96ff38-1f7e-4175-989e-01462999c09d','192.168.1.138','Login','192.168.1.157',1541143182,'localhost',NULL),('d2c4aecf-98d9-44c6-9b59-f5a69dc13ba2','4e7a0812-b013-4d37-b023-89e9ff6215be','27.72.89.106','Logout','192.168.1.157',1540190292,'Hanoi,Vietnam',NULL),('d3c770c0-2952-4252-8e03-7ce5bd2a6dfd','4e7a0812-b013-4d37-b023-89e9ff6215be','27.72.89.106','Login','192.168.1.157',1541987711,'Hanoi,Vietnam','Web'),('d45ca1d9-4246-4587-aca1-e1dcab8efb57','4e7a0812-b013-4d37-b023-89e9ff6215be','27.72.89.106','Logout','192.168.1.157',1540195858,'Hanoi,Vietnam',NULL),('d506043f-3c51-47e4-b8b9-20f631a789a7','c8e7709e-166b-492a-9244-f253dc4dbfad','27.72.89.106','Logout','192.168.1.157',1541583020,'Hanoi,Vietnam',NULL),('d5770ae5-2aeb-4bb4-ad60-0ec52946049e','4e7a0812-b013-4d37-b023-89e9ff6215be','2405:4800:12ef:1648:14f6:7cfd:d5ed:ecf6','Logout','192.168.1.157',1540592947,'Hanoi,Vietnam',NULL),('d681882c-b716-444c-99bb-429a3e015201','4e7a0812-b013-4d37-b023-89e9ff6215be','27.72.89.106','Login','192.168.1.157',1540197630,'Hanoi,Vietnam',NULL),('d6952c72-a7fd-4f05-b7fe-1bde51145074','4e7a0812-b013-4d37-b023-89e9ff6215be','192.168.1.80','Login','192.168.1.157',1540370838,'localhost',NULL),('d7140917-5b19-4765-a5a4-73ac19b47b12','c8e7709e-166b-492a-9244-f253dc4dbfad','192.168.1.138','Login','192.168.1.157',1541583740,'localhost',NULL),('d722291e-e853-4a80-8cf6-b103a9a7e563','da96ff38-1f7e-4175-989e-01462999c09d','27.72.89.106','Logout','192.168.1.157',1541123449,'Hanoi,Vietnam',NULL),('d7d5ed25-1313-48ce-8a06-1b788ce4cf39','4e7a0812-b013-4d37-b023-89e9ff6215be','192.168.1.195','Login','192.168.1.157',1541581262,'localhost',NULL),('d81efbbb-bd16-421d-b5e4-1515213d196e','da96ff38-1f7e-4175-989e-01462999c09d','192.168.1.138','Login','192.168.1.157',1541386218,'localhost',NULL),('d896d73e-54b7-45b6-a49c-8dc6ca428efb','4e7a0812-b013-4d37-b023-89e9ff6215be','27.72.89.106','Login','192.168.1.157',1540356351,'Hanoi,Vietnam',NULL),('d89a9612-b406-4391-ad74-bc48808ddc59','da96ff38-1f7e-4175-989e-01462999c09d','192.168.1.138','Login','192.168.1.157',1541559623,'localhost',NULL),('d8dc4712-81f1-4226-9d26-a2d5443802f5','4e7a0812-b013-4d37-b023-89e9ff6215be','27.72.89.106','Login','192.168.1.157',1540192454,'Hanoi,Vietnam',NULL),('d962f9cb-1e78-40d5-b32a-175ecb96051a','4e7a0812-b013-4d37-b023-89e9ff6215be','27.72.89.106','Logout','192.168.1.157',1541996477,'Hanoi,Vietnam','Web'),('d9b48044-da4f-47e9-8dfb-e47c0886ee97','4e7a0812-b013-4d37-b023-89e9ff6215be','27.72.89.106','Logout','192.168.1.157',1540347669,'Hanoi,Vietnam',NULL),('d9c13a27-8323-4ce1-bfc7-773228f947af','da96ff38-1f7e-4175-989e-01462999c09d','27.72.89.106','Login','192.168.1.157',1540784926,'Hanoi,Vietnam',NULL),('da4ed634-3843-4277-ae8e-d3bafb7093f1','4e7a0812-b013-4d37-b023-89e9ff6215be','27.72.89.106','Login','192.168.1.157',1541061053,'Hanoi,Vietnam',NULL),('da6a33d8-2d29-4a8d-9986-a3bd0f4817f1','da96ff38-1f7e-4175-989e-01462999c09d','27.72.89.106','Login','192.168.1.157',1540795488,'Hanoi,Vietnam',NULL),('da98f416-28dd-40df-8dd8-3fe14a08f39a','da96ff38-1f7e-4175-989e-01462999c09d','27.72.89.106','Logout','192.168.1.157',1541415671,'Hanoi,Vietnam',NULL),('dae8d505-d7e8-4d2c-ba9d-549f83b81211','4e7a0812-b013-4d37-b023-89e9ff6215be','27.72.89.106','Login','192.168.1.157',1540548296,'Hanoi,Vietnam',NULL),('dc42c123-5c4b-47b6-a4ca-5dca9e2fe3c2','da96ff38-1f7e-4175-989e-01462999c09d','192.168.1.138','Logout','192.168.1.157',1541409682,'localhost',NULL),('de857378-7103-472f-a196-78f671a6c730','4e7a0812-b013-4d37-b023-89e9ff6215be','27.72.89.106','Login','192.168.1.157',1542160665,'Hanoi,Vietnam','Web'),('e073b653-d620-4e0a-a442-99ef2ec9e1fa','c8e7709e-166b-492a-9244-f253dc4dbfad','27.72.89.106','Login','192.168.1.157',1541995571,'Hanoi,Vietnam','Web'),('e08e6e57-7cae-4275-9f38-5e77c0c761e0','4e7a0812-b013-4d37-b023-89e9ff6215be','27.72.89.106','Logout','192.168.1.157',1540986234,'Hanoi,Vietnam',NULL),('e0e521a6-cde6-4d98-be75-aa3cf42998ee','da96ff38-1f7e-4175-989e-01462999c09d','27.72.89.106','Logout','192.168.1.157',1540623951,'Hanoi,Vietnam',NULL),('e1b20033-fcb2-467e-a31b-d33602c763de','4e7a0812-b013-4d37-b023-89e9ff6215be','27.72.89.106','Logout','192.168.1.157',1541995213,'Hanoi,Vietnam','Web'),('e1b73a8c-6d37-461d-b3e1-7a91c4f42ea2','ad6866f2-673a-4545-9bdf-fa65731917fc','27.72.89.106','Logout','192.168.1.157',1540550320,'Hanoi,Vietnam',NULL),('e30282cc-2f57-4f5a-8e3f-0cbb9d19aed9','4e7a0812-b013-4d37-b023-89e9ff6215be','192.168.1.171','Logout','192.168.1.157',1540626100,'localhost',NULL),('e3054686-b269-4b3c-8d76-1d23e10d6685','4e7a0812-b013-4d37-b023-89e9ff6215be','27.72.89.106','Login','192.168.1.157',1540192400,'Hanoi,Vietnam',NULL),('e378d464-45e1-4090-9c23-72b32f4184aa','4e7a0812-b013-4d37-b023-89e9ff6215be','27.72.89.106','Login','192.168.1.157',1540555549,'Hanoi,Vietnam',NULL),('e45d9810-eeae-4632-9e59-76dc11348a9d','da96ff38-1f7e-4175-989e-01462999c09d','27.72.89.106','Login','192.168.1.157',1542080105,'Hanoi,Vietnam','Web'),('e4a84bce-3c03-4674-8b2b-7ca67a19b12a','4fe7eaf9-593e-43a9-a552-02978a78cb6b','192.168.1.138','Logout','192.168.1.157',1541155933,'localhost',NULL),('e4c7874c-8cf5-4f03-a3c6-66a91bb64246','4e7a0812-b013-4d37-b023-89e9ff6215be','27.72.89.106','Login','192.168.1.157',1540346631,'Hanoi,Vietnam',NULL),('e55c3f34-0a51-4589-b7e3-dbcc609b7402','c8e7709e-166b-492a-9244-f253dc4dbfad','192.168.1.138','Login','192.168.1.157',1542073420,'localhost','Web'),('e66682b5-4f59-43c3-bbe3-15e5fe6a1245','da96ff38-1f7e-4175-989e-01462999c09d','192.168.1.138','Login','192.168.1.157',1541153471,'localhost',NULL),('e67a7cd0-269f-4e85-b525-8e2495ee05bb','eb41bc95-c617-436f-8298-38ca03ad2a49','27.72.89.106','Logout','192.168.1.157',1540517747,'Hanoi,Vietnam',NULL),('e7103f51-c7b5-450f-973c-5a40b3ddfbab','da96ff38-1f7e-4175-989e-01462999c09d','27.72.89.106','Login','192.168.1.157',1542079981,'Hanoi,Vietnam','Web'),('e84616d3-47a5-43a1-8b26-3201bbafb83e','da96ff38-1f7e-4175-989e-01462999c09d','192.168.1.138','Login','192.168.1.157',1541498619,'localhost',NULL),('e850e62d-3561-4011-af82-25db3ceb1bf4','4e7a0812-b013-4d37-b023-89e9ff6215be','27.72.89.106','Login','192.168.1.157',1541736024,'Hanoi,Vietnam','Web'),('e8ef02ad-af5d-4704-b586-198b8c73f44f','4e7a0812-b013-4d37-b023-89e9ff6215be','27.72.89.106','Logout','192.168.1.157',1540518883,'Hanoi,Vietnam',NULL),('e8fa89b4-e9bf-4a22-ac19-21ec5a36dc8e','da96ff38-1f7e-4175-989e-01462999c09d','192.168.1.138','Login','192.168.1.157',1541385060,'localhost',NULL),('e92470ef-9784-4f75-b751-13cdacc89772','4e7a0812-b013-4d37-b023-89e9ff6215be','27.72.89.106','Logout','192.168.1.157',1540978456,'Hanoi,Vietnam',NULL),('e9546d81-a3cd-4f1d-ae1d-2ec2e61ba737','da96ff38-1f7e-4175-989e-01462999c09d','192.168.1.138','Login','192.168.1.157',1541150660,'localhost',NULL),('ea4302c6-b2ab-4edb-9e71-3724ba7af8a3','274cbc29-ef86-484d-aa8d-d048da16f4b2','27.72.89.106','Logout','192.168.1.157',1542013148,'Hanoi,Vietnam','Web'),('eaf5b33a-fa30-450e-b530-09d831c7d4f4','c8e7709e-166b-492a-9244-f253dc4dbfad','192.168.1.138','Login','192.168.1.157',1541572863,'localhost',NULL),('eaf90510-5177-41e9-8a85-7a35901f5e67','c8e7709e-166b-492a-9244-f253dc4dbfad','27.72.89.106','Logout','192.168.1.157',1541752769,'Hanoi,Vietnam','Web'),('ebc0c1a3-be84-4143-b00c-3abc0ebfbbff','4e7a0812-b013-4d37-b023-89e9ff6215be','27.72.89.106','Login','192.168.1.157',1540974015,'Hanoi,Vietnam',NULL),('ebe55137-7fd4-4b6a-9666-25bd5f8ac833','da96ff38-1f7e-4175-989e-01462999c09d','192.168.1.138','Login','192.168.1.157',1541149648,'localhost',NULL),('ec005ea8-a0c0-4286-aa04-9e60b77297b6','da96ff38-1f7e-4175-989e-01462999c09d','192.168.1.138','Logout','192.168.1.157',1541410194,'localhost',NULL),('ec56e976-3acf-4d15-95fb-84eb2463ec68','274cbc29-ef86-484d-aa8d-d048da16f4b2','27.72.89.106','Login','192.168.1.157',1542013304,'Hanoi,Vietnam','Web'),('ec8ba102-5c5e-412c-aa99-7acae0000ca5','4e7a0812-b013-4d37-b023-89e9ff6215be','27.72.89.106','Login','192.168.1.157',1540356317,'Hanoi,Vietnam',NULL),('ee0bc33e-b547-4eaa-b445-2dc01fdd0973','31ddbbaf-db53-4536-87e1-5dcbda4ba0f6','192.168.1.233','Login','192.168.1.157',1540794967,'localhost',NULL),('ee14636f-c202-4f08-9ad4-bbc4f3df8859','da96ff38-1f7e-4175-989e-01462999c09d','27.72.89.106','Login','192.168.1.157',1541558182,'Hanoi,Vietnam',NULL),('ee2cd89f-bf02-4a72-b1ae-01feb93eb417','da96ff38-1f7e-4175-989e-01462999c09d','192.168.1.138','Logout','192.168.1.157',1541154050,'localhost',NULL),('ee362df8-7188-414e-bc74-32794f7a5873','e9b095a3-de83-4161-8f72-0fffb414b03e','27.72.89.106','Logout','192.168.1.157',1541056706,'Hanoi,Vietnam',NULL),('ee3d299b-2498-4b84-adb9-1c42ae737551','4e7a0812-b013-4d37-b023-89e9ff6215be','27.72.89.106','Logout','192.168.1.157',1540897600,'Hanoi,Vietnam',NULL),('ee421fda-f109-4872-93d3-18d8ebf8f78a','0f986d91-e98c-4e1a-a33f-b389f0108dcd','27.72.89.106','Login','192.168.1.157',1540464379,'Hanoi,Vietnam',NULL),('eebc2edf-5d2d-4605-b348-860baac4039e','4e7a0812-b013-4d37-b023-89e9ff6215be','27.72.89.106','Login','192.168.1.157',1542090569,'Hanoi,Vietnam','Web'),('eff38b3c-e932-4b12-9592-ff3fcf0b1498','4e7a0812-b013-4d37-b023-89e9ff6215be','192.168.1.157','Login','192.168.1.157',1540355134,'localhost',NULL),('f0682507-370a-4e53-8b39-7779a22d7414','4e7a0812-b013-4d37-b023-89e9ff6215be','27.72.89.106','Logout','192.168.1.157',1540987106,'Hanoi,Vietnam',NULL),('f15d98ea-db0a-40f6-9cae-3454d75c620a','da96ff38-1f7e-4175-989e-01462999c09d','192.168.1.138','Login','192.168.1.157',1540635229,'localhost',NULL),('f241d975-11b8-46fe-8b1f-04d77e64a003','da96ff38-1f7e-4175-989e-01462999c09d','192.168.1.138','Login','192.168.1.157',1541409911,'localhost',NULL),('f37552a0-665b-4ed5-b9a9-927ab7de013a','4e7a0812-b013-4d37-b023-89e9ff6215be','27.72.89.106','Login','192.168.1.157',1541996448,'Hanoi,Vietnam','Web'),('f442fbe9-3686-4adc-b4e9-2f5cec103b05','ad6866f2-673a-4545-9bdf-fa65731917fc','192.168.1.138','Logout','192.168.1.157',1540191940,'localhost',NULL),('f45b4931-5e42-4814-b0bc-4f0d16061097','da96ff38-1f7e-4175-989e-01462999c09d','192.168.1.138','Login','192.168.1.157',1541384336,'localhost',NULL),('f54ec1d1-f6f6-463e-acee-77d1e6a1c592','c8e7709e-166b-492a-9244-f253dc4dbfad','192.168.1.138','Login','192.168.1.157',1541753095,'localhost','Web'),('f62b9ad2-2458-4901-9299-41ad0843a1ab','4e7a0812-b013-4d37-b023-89e9ff6215be','192.168.1.227','Login','192.168.1.157',1541412359,'localhost',NULL),('f654f444-5fb7-443b-9d12-4095c5ac6333','4e7a0812-b013-4d37-b023-89e9ff6215be','192.168.1.157','Login','192.168.1.157',1540970680,'localhost',NULL),('f78472c1-8f7f-4f92-932d-a7764f314da1','4e7a0812-b013-4d37-b023-89e9ff6215be','192.168.1.157','Login','192.168.1.157',1540896474,'localhost',NULL),('f89a0142-bfb8-4e6b-9d9c-02e82b151501','e9b095a3-de83-4161-8f72-0fffb414b03e','192.168.1.138','Login','192.168.1.157',1541057943,'localhost',NULL),('f99f6476-a3ce-4696-b9cb-f89ea8075ef5','4e7a0812-b013-4d37-b023-89e9ff6215be','192.168.1.157','Logout','192.168.1.157',1540355125,'localhost',NULL),('fb27993b-f737-4df8-89d4-b1adc30e0765','da96ff38-1f7e-4175-989e-01462999c09d','192.168.1.138','Login','192.168.1.157',1541499370,'localhost',NULL),('fbfb84fd-6062-40a3-8ac3-ad2351fa68e1','4e7a0812-b013-4d37-b023-89e9ff6215be','192.168.1.80','Login','192.168.1.157',1540198774,'localhost',NULL),('fc40c301-fd1b-4571-949b-4f43623236c0','da96ff38-1f7e-4175-989e-01462999c09d','27.72.89.106','Logout','192.168.1.157',1541558044,'Hanoi,Vietnam',NULL),('ffca2f50-8681-45a9-9926-ae458072d133','4e7a0812-b013-4d37-b023-89e9ff6215be','27.72.89.106','Login','192.168.1.157',1541584542,'Hanoi,Vietnam',NULL);
/*!40000 ALTER TABLE `UserActionLog` ENABLE KEYS */;
UNLOCK TABLES;

--
-- Table structure for table `WebSessionModel`
--

DROP TABLE IF EXISTS `WebSessionModel`;
/*!40101 SET @saved_cs_client     = @@character_set_client */;
/*!40101 SET character_set_client = utf8 */;
CREATE TABLE `WebSessionModel` (
  `Id` varchar(200) NOT NULL,
  `UserId` varchar(200) NOT NULL,
  `Ip` varchar(45) DEFAULT NULL,
  `Location` varchar(255) DEFAULT NULL,
  `Browser` text,
  `SignedIn` int(11) DEFAULT NULL,
  `Current` tinyint(4) DEFAULT '0',
  `Source` varchar(255) DEFAULT NULL,
  PRIMARY KEY (`Id`)
) ENGINE=InnoDB DEFAULT CHARSET=utf8 COMMENT='utf8_general_ci';
/*!40101 SET character_set_client = @saved_cs_client */;

--
-- Dumping data for table `WebSessionModel`
--

LOCK TABLES `WebSessionModel` WRITE;
/*!40000 ALTER TABLE `WebSessionModel` DISABLE KEYS */;
INSERT INTO `WebSessionModel` VALUES ('00d03f2e-aa37-4178-8750-e27e795f7af1','0f986d91-e98c-4e1a-a33f-b389f0108dcd','27.72.89.106','Hanoi,Vietnam','Windows 10, Chrome',1540886231,0,NULL),('03d1db4b-2399-43c3-b3f2-cdd0a23f07a4','e9b095a3-de83-4161-8f72-0fffb414b03e','192.168.1.138','localhost','Windows 10, Chrome',1541058160,0,NULL),('04f940be-a934-4361-84bb-068757bbc112','e9b095a3-de83-4161-8f72-0fffb414b03e','27.72.89.106','Hanoi,Vietnam','Linux, Chromium',1542080010,0,NULL),('05390c8b-aa02-474e-8a6a-2a508cbddd9b','4e7a0812-b013-4d37-b023-89e9ff6215be','192.168.1.171','localhost','Ubuntu, Firefox',1542019246,0,NULL),('098f558b-b7e6-48de-95eb-59483a70f0ac','4e7a0812-b013-4d37-b023-89e9ff6215be','27.72.89.106','Hanoi,Vietnam','Linux, Chromium',1542104052,0,NULL),('0a9a74d6-d32a-4937-bbe5-a4e4c89b3157','4e7a0812-b013-4d37-b023-89e9ff6215be','27.72.89.106','Hanoi,Vietnam','Linux, Chromium',1540256738,0,NULL),('0bc73680-1f63-4e01-aa79-535eee685b5d','eb41bc95-c617-436f-8298-38ca03ad2a49','27.72.89.106','Hanoi,Vietnam','Linux, Chrome',1540517779,0,NULL),('15b0a3c2-0f02-4b3c-88a6-3497d015b6c3','4e7a0812-b013-4d37-b023-89e9ff6215be','192.168.1.80','localhost','Linux, Chrome',1540287685,0,NULL),('19da820b-8e24-46b5-8d7f-d10de9c8f8b4','af794ace-df1e-44e2-a670-591ec998bb0b','27.72.89.106','Hanoi,Vietnam','Linux, Chrome',1540797043,0,NULL),('1c699dbe-4377-457c-a72f-2451f45829a1','e9b095a3-de83-4161-8f72-0fffb414b03e','27.72.89.106','Hanoi,Vietnam','Windows 10, Chrome',1541059598,0,NULL),('1d9204f7-f65a-44a7-8c8b-adc17d1963c1','1b24bff6-d32c-4ec5-aff4-0741228fb2ba','27.72.89.106','Hanoi,Vietnam','Linux, Chromium',1540347815,0,NULL),('23bc354a-6cb7-47ac-9bc2-53b81f02e164','1b24bff6-d32c-4ec5-aff4-0741228fb2ba','192.168.1.157','localhost','Linux, Chromium',1540355192,0,NULL),('2e8a2c85-8af5-4350-a77a-74e60516ec2d','c8e7709e-166b-492a-9244-f253dc4dbfad','192.168.1.138','localhost','Windows 10, Chrome',1541757586,0,NULL),('3011ff47-1efe-4cfc-a73c-29440cf53372','4b9609e7-a03d-4a90-b1ca-93e23c44c667','192.168.1.186','localhost','Linux, Chrome',1540785774,0,NULL),('301e0c5b-e182-4de9-9b97-7cfeabdcc16a','4e7a0812-b013-4d37-b023-89e9ff6215be','27.72.89.106','Hanoi,Vietnam','Windows 10, Chrome',1541987667,0,NULL),('32a65962-51fa-400b-8a95-48dee0fbf8e3','4e7a0812-b013-4d37-b023-89e9ff6215be','27.72.89.106','Hanoi,Vietnam','Linux, Chromium',1542090569,0,NULL),('346ef02a-eb22-4870-857f-fe09f58c93a6','4e7a0812-b013-4d37-b023-89e9ff6215be','27.72.89.106','Hanoi,Vietnam','Linux, Chromium',1542160318,0,NULL),('35682d95-7caa-45d0-a267-b306401239ae','4e7a0812-b013-4d37-b023-89e9ff6215be','27.72.89.106','Hanoi,Vietnam','Linux, Chromium',1542160235,0,NULL),('36690691-0a9a-4ddf-8e80-2247670c1759','c8e7709e-166b-492a-9244-f253dc4dbfad','192.168.1.138','localhost','Windows 10, Chrome',1542020066,0,NULL),('3693db14-ccaa-4ca4-9614-31b6533e6f24','4e7a0812-b013-4d37-b023-89e9ff6215be','27.72.89.106','Hanoi,Vietnam','Linux, Chromium',1542185298,0,NULL),('38972634-f5dd-4270-b2c3-3ad737eca091','96077d36-f62b-4bd6-83f4-65e62a4f7e5a','192.168.1.138','localhost','Windows 10, Chrome',1542081965,0,NULL),('39c864bd-ea4d-45b6-a9ca-ed87f8832c56','3bbb7656-6e27-454d-b205-3dd9b6515ca2','192.168.1.138','localhost','Windows 10, Firefox',1540553478,0,NULL),('3c93d929-8c44-49db-b5be-b2a415d75fe6','4e7a0812-b013-4d37-b023-89e9ff6215be','27.72.89.106','Hanoi,Vietnam','Linux, Chromium',1542157204,0,NULL),('3de644d8-64ad-4b7b-86f6-66e255dd4cab','42c5fc99-dc79-494c-9e6c-6f2bb46deb00','27.72.89.106','Hanoi,Vietnam','Linux, Chromium',1540516355,0,NULL),('448259e3-5788-4b0b-8b81-dd09cdca65b0','4e7a0812-b013-4d37-b023-89e9ff6215be','192.168.1.80','localhost','Linux, Chrome',1540370838,0,NULL),('4aba9aa9-cbb4-4b24-8c10-0a0ccec8b590','4fe7eaf9-593e-43a9-a552-02978a78cb6b','192.168.1.138','localhost','Windows 10, Chrome',1541156174,0,NULL),('51f2ddc3-23cf-4251-beb2-908bad14fb6b','acd1e1e7-e2e2-4853-8dfd-c0f07c2426e2','192.168.1.138','localhost','Windows 10, Chrome',1541989689,0,NULL),('5d3a27f9-700c-48b4-ba99-9a818196b4c6','4e7a0812-b013-4d37-b023-89e9ff6215be','27.72.89.106','Hanoi,Vietnam','Linux, Chromium',1542160269,0,NULL),('6c01b7b2-ab2f-402f-b34f-696456672bc4','4e7a0812-b013-4d37-b023-89e9ff6215be','27.72.89.106','Hanoi,Vietnam','Linux, Chromium',1542182362,0,NULL),('73101655-54e6-4bd9-aa53-8a27d844c6d8','31ddbbaf-db53-4536-87e1-5dcbda4ba0f6','192.168.1.233','localhost','Windows 10, Chrome',1540794967,0,NULL),('731e9bb6-d462-47bd-acbf-ed115d725fa9','8479506d-ad35-42de-9234-40328105877b','27.72.89.106','Hanoi,Vietnam','Windows 10, Chrome',1540974849,0,NULL),('74a4cdd1-914d-4886-8184-4b2c06544bec','af794ace-df1e-44e2-a670-591ec998bb0b','171.253.34.11','Thuan An,Vietnam','Android 8.0.0, Chrome',1540550448,0,NULL),('7a39e4c5-a83a-4445-81fa-6fe74f143290','4e7a0812-b013-4d37-b023-89e9ff6215be','27.72.89.106','Hanoi,Vietnam','Ubuntu, Firefox',1540356257,0,NULL),('7dbc5974-837a-4df8-87a6-6af9b2994f0e','4e7a0812-b013-4d37-b023-89e9ff6215be','27.72.89.106','Hanoi,Vietnam','Ubuntu, Firefox',1542160665,0,NULL),('7e8d65f0-8724-4e91-bb57-025aba6a0942','af794ace-df1e-44e2-a670-591ec998bb0b','171.253.34.11','Thuan An,Vietnam','Android 8.0.0, Chrome',1540545983,0,NULL),('83cc784b-97dc-445f-b891-709903400e59','4e7a0812-b013-4d37-b023-89e9ff6215be','27.72.89.106','Hanoi,Vietnam','Ubuntu, Firefox',1540356351,0,NULL),('8a366f18-2648-4f7a-9ce6-16489f93d00d','93dc2f9f-6009-447f-b298-fdefbd0e7227','27.72.89.106','Hanoi,Vietnam','Linux, Chromium',1540356424,0,NULL),('9b6baf12-706a-4219-b68a-8b669eae5b3e','3fb4fa0d-1768-4378-9236-26ab232c1836','192.168.1.138','localhost','Windows 10, Chrome',1542021384,0,NULL),('9be49c8c-4c55-4844-bfea-d27ca0c97d16','4e7a0812-b013-4d37-b023-89e9ff6215be','192.168.1.80','localhost','Linux, Chrome',1540198774,0,NULL),('9d2d11c4-6e7e-4b58-84b5-52fd32b53edc','4e7a0812-b013-4d37-b023-89e9ff6215be','192.168.1.80','localhost','Linux, Chrome',1540378391,0,NULL),('9e4d44ed-6f5d-4b1d-accc-00f0aa1cbcc4','4e7a0812-b013-4d37-b023-89e9ff6215be','27.72.89.106','Hanoi,Vietnam','Linux, Chromium',1540197630,0,NULL),('a1cc8825-794b-4dc2-8a30-e7ec1cafea55','e9b095a3-de83-4161-8f72-0fffb414b03e','192.168.1.149','localhost','Windows 10, Chrome',1541067283,0,NULL),('a355d4c4-5764-42fc-b74c-316c4e2e448d','4e7a0812-b013-4d37-b023-89e9ff6215be','27.72.89.106','Hanoi,Vietnam','Linux, Chromium',1541736654,0,NULL),('a5008ede-b892-423f-86cd-1f785c9e779a','4e7a0812-b013-4d37-b023-89e9ff6215be','192.168.1.157','localhost','Linux, Chromium',1540451194,0,NULL),('acf06cc9-2cdb-4a45-b2bd-2bec61c29ce4','c8e7709e-166b-492a-9244-f253dc4dbfad','192.168.1.138','localhost','Windows 10, Chrome',1542078322,0,NULL),('b0293cdc-cb81-4ab1-bb65-b079ddec9759','e9b095a3-de83-4161-8f72-0fffb414b03e','27.72.89.106','Hanoi,Vietnam','Linux, Chromium',1541056724,0,NULL),('b1bfad6b-4f4c-4c77-81b3-e1d5120db80a','568ca616-ce5d-44ec-875b-87f322e8bb4a','192.168.1.163','localhost','Linux, Chrome',1540352455,0,NULL),('beabdc05-f4fc-45d8-8aea-3e7a0a4b51dd','4e7a0812-b013-4d37-b023-89e9ff6215be','27.72.89.106','Hanoi,Vietnam','Ubuntu, Firefox',1540356317,0,NULL),('c30e4dfd-43f7-4867-9b5a-2f19507299f3','4e7a0812-b013-4d37-b023-89e9ff6215be','27.72.89.106','Hanoi,Vietnam','Linux, Chromium',1542160553,0,NULL),('c32050e8-2270-424f-80f3-1e52967bc758','da96ff38-1f7e-4175-989e-01462999c09d','27.72.89.106','Hanoi,Vietnam','Windows 10, Firefox',1542077525,0,NULL),('c333a0f5-3f79-4c19-83d2-6ba49b5fde7f','acd1e1e7-e2e2-4853-8dfd-c0f07c2426e2','27.72.89.106','Hanoi,Vietnam','Windows 10, Firefox',1541993570,0,NULL),('c4e49735-8bfb-4d08-af4f-4b5bffead344','4e7a0812-b013-4d37-b023-89e9ff6215be','27.72.89.106','Hanoi,Vietnam','Linux, Chromium',1542160505,0,NULL),('cf3b0953-1dca-49e9-a293-7c6990e665c7','4e7a0812-b013-4d37-b023-89e9ff6215be','192.168.1.157','localhost','Linux, Chromium',1540198759,0,NULL),('cfff8294-4906-4ff8-80cd-811b4107180e','eb41bc95-c617-436f-8298-38ca03ad2a49','27.72.89.106','Hanoi,Vietnam','Linux, Chrome',1540432756,0,NULL),('d352ebba-2cf1-4479-922d-662b74bcef15','4e7a0812-b013-4d37-b023-89e9ff6215be','27.72.89.106','Hanoi,Vietnam','Linux, Chromium',1541736024,0,NULL),('d435d90e-8e12-46f0-90b1-b3bc69197b77','acd1e1e7-e2e2-4853-8dfd-c0f07c2426e2','192.168.1.138','localhost','Windows 10, Chrome',1541990734,0,NULL),('d75717e3-6e29-4fc4-a330-cbf260d7f54c','eb41bc95-c617-436f-8298-38ca03ad2a49','27.72.89.106','Hanoi,Vietnam','Linux, Chrome',1540548280,0,NULL),('da44cb31-cea3-4953-be59-b425aedf4801','e9b095a3-de83-4161-8f72-0fffb414b03e','27.72.89.106','Hanoi,Vietnam','Windows 10, Chrome',1541384933,0,NULL),('e7c7e6a2-7a59-4493-b347-dca9101f1016','0f986d91-e98c-4e1a-a33f-b389f0108dcd','27.72.89.106','Hanoi,Vietnam',NULL,1541384720,0,NULL),('ee02f019-2a4b-4a35-9c7a-ed10ba7dcd0d','31ddbbaf-db53-4536-87e1-5dcbda4ba0f6','192.168.1.233','localhost','Windows 10, Chrome',1541997423,0,NULL),('ee16b801-03c8-40e3-b5a7-b98bae107236','274cbc29-ef86-484d-aa8d-d048da16f4b2','27.72.89.106','Hanoi,Vietnam','Windows 10, Firefox',1542020879,0,NULL),('f10379f7-0b76-48c3-bf6f-469658f2089b','da96ff38-1f7e-4175-989e-01462999c09d','27.72.89.106','Hanoi,Vietnam','Windows 10, Chrome',1542079981,0,NULL),('f4008145-69b8-4733-a30f-6dbeef250a57','4e7a0812-b013-4d37-b023-89e9ff6215be','192.168.1.157','localhost','Ubuntu, Firefox',1540355880,0,NULL),('f763e894-1414-4596-b870-753fb17f6001','4e7a0812-b013-4d37-b023-89e9ff6215be','27.72.89.106','Hanoi,Vietnam','Linux, Chromium',1542163902,0,NULL),('fae14459-4434-4c80-ab4a-b734301d3d05','ad6866f2-673a-4545-9bdf-fa65731917fc','192.168.1.138','localhost','Windows 10, Chrome',1540347869,0,NULL),('fba64ac5-b777-4bea-96cd-9d86c28d124b','e9b095a3-de83-4161-8f72-0fffb414b03e','192.168.1.157','localhost','Linux, Chromium',1541386468,0,NULL),('ff9dc0b7-0484-4642-9d37-1f0a06f84fdf','a7a9ca88-d59b-4be2-a18d-45731d3ef809','27.72.89.106','Hanoi,Vietnam','Windows 10, Chrome',1541413259,0,NULL);
/*!40000 ALTER TABLE `WebSessionModel` ENABLE KEYS */;
UNLOCK TABLES;

--
-- Table structure for table `__EFMigrationsHistory`
--

DROP TABLE IF EXISTS `__EFMigrationsHistory`;
/*!40101 SET @saved_cs_client     = @@character_set_client */;
/*!40101 SET character_set_client = utf8 */;
CREATE TABLE `__EFMigrationsHistory` (
  `MigrationId` varchar(95) COLLATE utf8_unicode_ci NOT NULL,
  `ProductVersion` varchar(32) COLLATE utf8_unicode_ci NOT NULL,
  PRIMARY KEY (`MigrationId`)
) ENGINE=InnoDB DEFAULT CHARSET=utf8 COLLATE=utf8_unicode_ci;
/*!40101 SET character_set_client = @saved_cs_client */;

--
-- Dumping data for table `__EFMigrationsHistory`
--

LOCK TABLES `__EFMigrationsHistory` WRITE;
/*!40000 ALTER TABLE `__EFMigrationsHistory` DISABLE KEYS */;
/*!40000 ALTER TABLE `__EFMigrationsHistory` ENABLE KEYS */;
UNLOCK TABLES;
/*!40103 SET TIME_ZONE=@OLD_TIME_ZONE */;

/*!40101 SET SQL_MODE=@OLD_SQL_MODE */;
/*!40014 SET FOREIGN_KEY_CHECKS=@OLD_FOREIGN_KEY_CHECKS */;
/*!40014 SET UNIQUE_CHECKS=@OLD_UNIQUE_CHECKS */;
/*!40101 SET CHARACTER_SET_CLIENT=@OLD_CHARACTER_SET_CLIENT */;
/*!40101 SET CHARACTER_SET_RESULTS=@OLD_CHARACTER_SET_RESULTS */;
/*!40101 SET COLLATION_CONNECTION=@OLD_COLLATION_CONNECTION */;
/*!40111 SET SQL_NOTES=@OLD_SQL_NOTES */;

-- Dump completed on 2018-11-14 17:03:41
